id,year,rank,title,genre,category,categoryLabel,color,image,imageUrl,imageSource,released,platforms,developers,publishers,wikidata,wiki,guide,trailer,blurb
super-mario-world-1990,1990,1,Super Mario World,Platformer,platformer,Platformer,#e8c547,assets/covers/super-mario-world-1990.jpg,https://upload.wikimedia.org/wikipedia/en/3/32/Super_Mario_World_Coverart.png,wikipedia,,,,,,https://en.wikipedia.org/wiki/Super_Mario_World,https://strategywiki.org/w/index.php?search=Super%20Mario%20World,https://www.youtube.com/results?search_query=Super%20Mario%20World%201990%20trailer,"A launch game that shipped with a cape, a dinosaur and a map full of secret exits."
the-secret-of-monkey-island-1990,1990,2,The Secret of Monkey Island,Point & Click,adventure,Adventure,#4cd7a0,assets/covers/the-secret-of-monkey-island-1990.jpg,https://upload.wikimedia.org/wikipedia/en/a/a8/The_Secret_of_Monkey_Island_artwork.jpg,wikipedia,,,,,,https://en.wikipedia.org/wiki/The_Secret_of_Monkey_Island,https://strategywiki.org/w/index.php?search=The%20Secret%20of%20Monkey%20Island,https://www.youtube.com/results?search_query=The%20Secret%20of%20Monkey%20Island%201990%20trailer,"LucasArts comedy where you could not die, get stuck, or stop quoting it."
wing-commander-1990,1990,3,Wing Commander,Space Sim,simulation,Simulation,#8fd14f,assets/covers/wing-commander-1990.jpg,https://upload.wikimedia.org/wikipedia/en/d/d1/WingCommanderBox-front.jpg,wikipedia,,,,,,https://en.wikipedia.org/wiki/Wing_Commander_(video_game),https://strategywiki.org/w/index.php?search=Wing%20Commander,https://www.youtube.com/results?search_query=Wing%20Commander%201990%20trailer,"Cockpit dogfights, a branching campaign, and a crew that noticed when you failed."
railroad-tycoon-1990,1990,4,Railroad Tycoon,Simulation,simulation,Simulation,#8fd14f,assets/covers/railroad-tycoon-1990.jpg,https://upload.wikimedia.org/wikipedia/en/2/28/Sid_Meier%27s_Railroad_Tycoon.jpg,wikipedia,,,,,,https://en.wikipedia.org/wiki/Railroad_Tycoon_(video_game),https://strategywiki.org/w/index.php?search=Railroad%20Tycoon,https://www.youtube.com/results?search_query=Railroad%20Tycoon%201990%20trailer,Sid Meier turned timetables into a hobby; the management sim gets a pulse.
f-zero-1990,1990,5,F-Zero,Racing,racing,Racing,#00b3ff,assets/covers/f-zero-1990.jpg,https://upload.wikimedia.org/wikipedia/en/9/9b/SNES_F-Zero_boxart.jpg,wikipedia,,,,,,https://en.wikipedia.org/wiki/F-Zero_(video_game),https://strategywiki.org/w/index.php?search=F-Zero,https://www.youtube.com/results?search_query=F-Zero%201990%20trailer,Mode 7 speed that made a home console feel like an arcade cabinet.
dragon-quest-iv-1990,1990,6,Dragon Quest IV,JRPG,rpg,RPG,#7b9cff,assets/covers/dragon-quest-iv-1990.jpg,https://upload.wikimedia.org/wikipedia/en/d/db/Dragon_Quest_IV_cover.jpg,wikipedia,,,,,,https://en.wikipedia.org/wiki/Dragon_Quest_IV,https://strategywiki.org/w/index.php?search=Dragon%20Quest%20IV,https://www.youtube.com/results?search_query=Dragon%20Quest%20IV%201990%20trailer,"Five chapters, each told from a different companion before the party ever meets."
sonic-the-hedgehog-1991,1991,1,Sonic the Hedgehog,Platformer,platformer,Platformer,#e8c547,assets/covers/sonic-the-hedgehog-1991.jpg,https://upload.wikimedia.org/wikipedia/en/b/ba/Sonic_the_Hedgehog_1_Genesis_box_art.jpg,wikipedia,,,,,,https://en.wikipedia.org/wiki/Sonic_the_Hedgehog_(1991_video_game),https://strategywiki.org/w/index.php?search=Sonic%20the%20Hedgehog,https://www.youtube.com/results?search_query=Sonic%20the%20Hedgehog%201991%20trailer,Momentum as attitude; Sega's mascot arrived already running.
street-fighter-ii-1991,1991,2,Street Fighter II,Fighting,fighting,Fighting,#e05bff,assets/covers/street-fighter-ii-1991.jpg,https://upload.wikimedia.org/wikipedia/en/1/1d/SF2_JPN_flyer.jpg,wikipedia,,,,,,https://en.wikipedia.org/wiki/Street_Fighter_II%3A_The_World_Warrior,https://strategywiki.org/w/index.php?search=Street%20Fighter%20II,https://www.youtube.com/results?search_query=Street%20Fighter%20II%201991%20trailer,"Six buttons, eight world warriors, and the arcade boom that followed."
civilization-1991,1991,3,Civilization,4X,strategy,Strategy,#b07bff,assets/covers/civilization-1991.jpg,https://upload.wikimedia.org/wikipedia/en/e/ec/Civilizationboxart.jpg,wikipedia,,,,,,https://en.wikipedia.org/wiki/Civilization_(video_game),https://strategywiki.org/w/index.php?search=Civilization,https://www.youtube.com/results?search_query=Civilization%201991%20trailer,One more turn: four thousand years of history as a systems toy.
the-legend-of-zelda-a-link-to-the-past-1991,1991,4,The Legend of Zelda: A Link to the Past,Action-Adventure,adventure,Adventure,#4cd7a0,assets/covers/the-legend-of-zelda-a-link-to-the-past-1991.jpg,https://upload.wikimedia.org/wikipedia/en/2/21/The_Legend_of_Zelda_A_Link_to_the_Past_SNES_Game_Cover.jpg,wikipedia,,,,,,https://en.wikipedia.org/wiki/The_Legend_of_Zelda%3A_A_Link_to_the_Past,https://strategywiki.org/w/index.php?search=The%20Legend%20of%20Zelda%3A%20A%20Link%20to%20the%20Past,https://www.youtube.com/results?search_query=The%20Legend%20of%20Zelda%3A%20A%20Link%20to%20the%20Past%201991%20trailer,Two overlapping worlds and the template every 2D Zelda still follows.
another-world-1991,1991,5,Another World,Cinematic Platformer,platformer,Platformer,#e8c547,assets/covers/another-world-1991.jpg,https://upload.wikimedia.org/wikipedia/en/b/b9/Another_World_Coverart.png,wikipedia,,,,,,https://en.wikipedia.org/wiki/Another_World_(video_game),https://strategywiki.org/w/index.php?search=Another%20World,https://www.youtube.com/results?search_query=Another%20World%201991%20trailer,"Rotoscoped, wordless, and hostile in a beautiful way."
lemmings-1991,1991,6,Lemmings,Puzzle,puzzle,Puzzle,#47c9e8,assets/covers/lemmings-1991.jpg,https://upload.wikimedia.org/wikipedia/en/0/0c/Lemmings-BoxScan.jpg,wikipedia,,,,,,https://en.wikipedia.org/wiki/Lemmings_(video_game),https://strategywiki.org/w/index.php?search=Lemmings,https://www.youtube.com/results?search_query=Lemmings%201991%20trailer,"Assign jobs, save the oblivious; a mouse-driven puzzle with a body count."
mortal-kombat-1992,1992,1,Mortal Kombat,Fighting,fighting,Fighting,#e05bff,assets/covers/mortal-kombat-1992.jpg,https://upload.wikimedia.org/wikipedia/en/3/33/Mortal_Kombat_cover.JPG,wikipedia,,,,,,https://en.wikipedia.org/wiki/Mortal_Kombat_(1992_video_game),https://strategywiki.org/w/index.php?search=Mortal%20Kombat,https://www.youtube.com/results?search_query=Mortal%20Kombat%201992%20trailer,"Digitised actors, spinal columns, and the rating board it summoned into being."
wolfenstein-3d-1992,1992,2,Wolfenstein 3D,FPS,shooter,Shooter,#ff5a36,assets/covers/wolfenstein-3d-1992.jpg,https://upload.wikimedia.org/wikipedia/en/0/05/Wolfenstein-3d.jpg,wikipedia,,,,,,https://en.wikipedia.org/wiki/Wolfenstein_3D,https://strategywiki.org/w/index.php?search=Wolfenstein%203D,https://www.youtube.com/results?search_query=Wolfenstein%203D%201992%20trailer,"id proved a PC could run a corridor at speed, and the genre had a name."
super-mario-kart-1992,1992,3,Super Mario Kart,Kart Racer,racing,Racing,#00b3ff,assets/covers/super-mario-kart-1992.jpg,https://upload.wikimedia.org/wikipedia/en/3/38/Supermariokart_box.JPG,wikipedia,,,,,,https://en.wikipedia.org/wiki/Super_Mario_Kart,https://strategywiki.org/w/index.php?search=Super%20Mario%20Kart,https://www.youtube.com/results?search_query=Super%20Mario%20Kart%201992%20trailer,Items as rubber-band physics; the party racer invented in one go.
dune-ii-1992,1992,4,Dune II,RTS,strategy,Strategy,#b07bff,assets/covers/dune-ii-1992.jpg,https://upload.wikimedia.org/wikipedia/en/7/78/Dune2_BOD.jpg,wikipedia,,,,,,https://en.wikipedia.org/wiki/Dune_II,https://strategywiki.org/w/index.php?search=Dune%20II,https://www.youtube.com/results?search_query=Dune%20II%201992%20trailer,"Harvest, build, rush: the command-and-control loop everything else copied."
ultima-underworld-1992,1992,5,Ultima Underworld,Immersive Sim,immersive,Immersive Sim,#00c2a8,assets/covers/ultima-underworld-1992.jpg,https://upload.wikimedia.org/wikipedia/en/d/dd/Ultima_Underworld_cover.png,wikipedia,,,,,,https://en.wikipedia.org/wiki/Ultima_Underworld%3A_The_Stygian_Abyss,https://strategywiki.org/w/index.php?search=Ultima%20Underworld,https://www.youtube.com/results?search_query=Ultima%20Underworld%201992%20trailer,"A full 3D dungeon with physics and conversation, a year before Doom."
kirbys-dream-land-1992,1992,6,Kirby's Dream Land,Platformer,platformer,Platformer,#e8c547,assets/covers/kirbys-dream-land-1992.jpg,https://upload.wikimedia.org/wikipedia/en/6/6a/Kirbys-dream-land-gameboy-boxart.png,wikipedia,,,,,,https://en.wikipedia.org/wiki/Kirby's_Dream_Land,https://strategywiki.org/w/index.php?search=Kirby's%20Dream%20Land,https://www.youtube.com/results?search_query=Kirby's%20Dream%20Land%201992%20trailer,"A game designed to be finished, and adored for exactly that."
doom-1993,1993,1,Doom,FPS,shooter,Shooter,#ff5a36,assets/covers/doom-1993.jpg,https://upload.wikimedia.org/wikipedia/en/5/57/Doom_cover_art.jpg,wikipedia,,,,,,https://en.wikipedia.org/wiki/Doom_(1993_video_game),https://strategywiki.org/w/index.php?search=Doom,https://www.youtube.com/results?search_query=Doom%201993%20trailer,"Shareware, deathmatch and modding: three decades of PC culture in one download."
myst-1993,1993,2,Myst,Adventure,adventure,Adventure,#4cd7a0,assets/covers/myst-1993.jpg,https://upload.wikimedia.org/wikipedia/en/6/6a/MystCover.png,wikipedia,,,,,,https://en.wikipedia.org/wiki/Myst,https://strategywiki.org/w/index.php?search=Myst,https://www.youtube.com/results?search_query=Myst%201993%20trailer,A silent puzzle island that sold CD-ROM drives to people who hated computers.
star-fox-1993,1993,3,Star Fox,Rail Shooter,shooter,Shooter,#ff5a36,assets/covers/star-fox-1993.jpg,https://upload.wikimedia.org/wikipedia/en/5/52/Star_Fox_SNES.jpg,wikipedia,,,,,,https://en.wikipedia.org/wiki/Star_Fox_(1993_video_game),https://strategywiki.org/w/index.php?search=Star%20Fox,https://www.youtube.com/results?search_query=Star%20Fox%201993%20trailer,A chip in the cartridge put polygons on a 16-bit console.
secret-of-mana-1993,1993,4,Secret of Mana,Action RPG,rpg,RPG,#7b9cff,assets/covers/secret-of-mana-1993.jpg,https://upload.wikimedia.org/wikipedia/en/b/b7/Secret_of_Mana_Box.jpg,wikipedia,,,,,,https://en.wikipedia.org/wiki/Secret_of_Mana,https://strategywiki.org/w/index.php?search=Secret%20of%20Mana,https://www.youtube.com/results?search_query=Secret%20of%20Mana%201993%20trailer,Real-time party combat and a ring menu that never paused the world.
simcity-2000-1993,1993,5,SimCity 2000,City Builder,simulation,Simulation,#8fd14f,assets/covers/simcity-2000-1993.jpg,https://upload.wikimedia.org/wikipedia/en/d/d4/SimCity_2000_Coverart.png,wikipedia,,,,,,https://en.wikipedia.org/wiki/SimCity_2000,https://strategywiki.org/w/index.php?search=SimCity%202000,https://www.youtube.com/results?search_query=SimCity%202000%201993%20trailer,"Isometric zoning, water pipes and arcologies; civic planning as a pastime."
nba-jam-1993,1993,6,NBA Jam,Sports,simulation,Simulation,#8fd14f,assets/covers/nba-jam-1993.jpg,https://upload.wikimedia.org/wikipedia/en/a/a0/Nbajam.jpg,wikipedia,,,,,,https://en.wikipedia.org/wiki/NBA_Jam_(1993_video_game),https://strategywiki.org/w/index.php?search=NBA%20Jam,https://www.youtube.com/results?search_query=NBA%20Jam%201993%20trailer,He's on fire: basketball reduced to two players and total spectacle.
super-metroid-1994,1994,1,Super Metroid,Action-Adventure,adventure,Adventure,#4cd7a0,assets/covers/super-metroid-1994.jpg,https://upload.wikimedia.org/wikipedia/en/e/e4/Smetroidbox.jpg,wikipedia,,,,,,https://en.wikipedia.org/wiki/Super_Metroid,https://strategywiki.org/w/index.php?search=Super%20Metroid,https://www.youtube.com/results?search_query=Super%20Metroid%201994%20trailer,"Atmosphere, map design and movement still taught as the reference text."
final-fantasy-vi-1994,1994,2,Final Fantasy VI,JRPG,rpg,RPG,#7b9cff,assets/covers/final-fantasy-vi-1994.jpg,https://upload.wikimedia.org/wikipedia/en/0/05/Final_Fantasy_VI.jpg,wikipedia,,,,,,https://en.wikipedia.org/wiki/Final_Fantasy_VI,https://strategywiki.org/w/index.php?search=Final%20Fantasy%20VI,https://www.youtube.com/results?search_query=Final%20Fantasy%20VI%201994%20trailer,Fourteen protagonists and a villain who actually wins halfway through.
donkey-kong-country-1994,1994,3,Donkey Kong Country,Platformer,platformer,Platformer,#e8c547,assets/covers/donkey-kong-country-1994.jpg,https://upload.wikimedia.org/wikipedia/en/1/1a/Donkey_Kong_Country_SNES_cover.png,wikipedia,,,,,,https://en.wikipedia.org/wiki/Donkey_Kong_Country,https://strategywiki.org/w/index.php?search=Donkey%20Kong%20Country,https://www.youtube.com/results?search_query=Donkey%20Kong%20Country%201994%20trailer,Pre-rendered sprites that sold a console everyone had written off.
system-shock-1994,1994,4,System Shock,Immersive Sim,immersive,Immersive Sim,#00c2a8,assets/covers/system-shock-1994.jpg,https://upload.wikimedia.org/wikipedia/en/9/93/Sysshock.jpg,wikipedia,,,,,,https://en.wikipedia.org/wiki/System_Shock,https://strategywiki.org/w/index.php?search=System%20Shock,https://www.youtube.com/results?search_query=System%20Shock%201994%20trailer,"SHODAN, audio logs, and the first genuinely systemic first-person world."
warcraft-orcs-humans-1994,1994,5,Warcraft: Orcs & Humans,RTS,strategy,Strategy,#b07bff,assets/covers/warcraft-orcs-humans-1994.jpg,https://upload.wikimedia.org/wikipedia/en/9/9c/Warcraft_-_Orcs_%26_Humans_Coverart.png,wikipedia,,,,,,https://en.wikipedia.org/wiki/Warcraft%3A_Orcs_%26_Humans,https://strategywiki.org/w/index.php?search=Warcraft%3A%20Orcs%20%26%20Humans,https://www.youtube.com/results?search_query=Warcraft%3A%20Orcs%20%26%20Humans%201994%20trailer,Blizzard's first war machine: Dune II with fantasy and a modem cable.
tie-fighter-1994,1994,6,TIE Fighter,Space Sim,simulation,Simulation,#8fd14f,assets/covers/tie-fighter-1994.jpg,https://upload.wikimedia.org/wikipedia/en/7/7d/Swtiefightercd.jpg,wikipedia,,,,,,https://en.wikipedia.org/wiki/Star_Wars%3A_TIE_Fighter,https://strategywiki.org/w/index.php?search=TIE%20Fighter,https://www.youtube.com/results?search_query=TIE%20Fighter%201994%20trailer,"Flying for the Empire, with the sharpest mission design of the era."
chrono-trigger-1995,1995,1,Chrono Trigger,JRPG,rpg,RPG,#7b9cff,assets/covers/chrono-trigger-1995.jpg,https://upload.wikimedia.org/wikipedia/en/a/a7/Chrono_Trigger.jpg,wikipedia,,,,,,https://en.wikipedia.org/wiki/Chrono_Trigger,https://strategywiki.org/w/index.php?search=Chrono%20Trigger,https://www.youtube.com/results?search_query=Chrono%20Trigger%201995%20trailer,Time travel with no wasted scene and thirteen endings to prove it.
command-conquer-1995,1995,2,Command & Conquer,RTS,strategy,Strategy,#b07bff,assets/covers/command-conquer-1995.jpg,https://upload.wikimedia.org/wikipedia/en/3/34/Command_%26_Conquer_1995_cover.jpg,wikipedia,,,,,,https://en.wikipedia.org/wiki/Command_%26_Conquer_(1995_video_game),https://strategywiki.org/w/index.php?search=Command%20%26%20Conquer,https://www.youtube.com/results?search_query=Command%20%26%20Conquer%201995%20trailer,"FMV briefings, Hell March and the LAN party as a social institution."
yoshis-island-1995,1995,3,Yoshi's Island,Platformer,platformer,Platformer,#e8c547,assets/covers/yoshis-island-1995.jpg,https://upload.wikimedia.org/wikipedia/en/9/9a/Yoshi%27s_Island_%28Super_Mario_World_2%29_box_art.jpg,wikipedia,,,,,,https://en.wikipedia.org/wiki/Super_Mario_World_2%3A_Yoshi's_Island,https://strategywiki.org/w/index.php?search=Yoshi's%20Island,https://www.youtube.com/results?search_query=Yoshi's%20Island%201995%20trailer,Crayon art and the most generous platform toolkit on the machine.
descent-1995,1995,4,Descent,FPS,shooter,Shooter,#ff5a36,assets/covers/descent-1995.jpg,https://upload.wikimedia.org/wikipedia/en/5/5f/Descent_cover.png,wikipedia,,,,,,https://en.wikipedia.org/wiki/Descent_(1995_video_game),https://strategywiki.org/w/index.php?search=Descent,https://www.youtube.com/results?search_query=Descent%201995%20trailer,Six degrees of freedom; the only shooter that got you lost in three axes.
suikoden-1995,1995,5,Suikoden,JRPG,rpg,RPG,#7b9cff,assets/covers/suikoden-1995.jpg,https://upload.wikimedia.org/wikipedia/en/f/f9/Suikoden_packaging01.jpg,wikipedia,,,,,,https://en.wikipedia.org/wiki/Suikoden_(video_game),https://strategywiki.org/w/index.php?search=Suikoden,https://www.youtube.com/results?search_query=Suikoden%201995%20trailer,A hundred and eight recruitable characters and a castle that grows with them.
wipeout-1995,1995,6,Wipeout,Racing,racing,Racing,#00b3ff,assets/covers/wipeout-1995.jpg,https://upload.wikimedia.org/wikipedia/en/c/c3/WipEoutCover.jpg,wikipedia,,,,,,https://en.wikipedia.org/wiki/Wipeout_(video_game),https://strategywiki.org/w/index.php?search=Wipeout,https://www.youtube.com/results?search_query=Wipeout%201995%20trailer,"Club culture, licensed techno and a console's entire identity in one race."
super-mario-64-1996,1996,1,Super Mario 64,Platformer,platformer,Platformer,#e8c547,assets/covers/super-mario-64-1996.jpg,https://upload.wikimedia.org/wikipedia/en/e/e9/Super_Mario_64.png,wikipedia,,,,,,https://en.wikipedia.org/wiki/Super_Mario_64,https://strategywiki.org/w/index.php?search=Super%20Mario%2064,https://www.youtube.com/results?search_query=Super%20Mario%2064%201996%20trailer,Invented the 3D camera and the 3D move-set in the same afternoon.
resident-evil-1996,1996,2,Resident Evil,Survival Horror,horror,Horror,#ff3b5c,assets/covers/resident-evil-1996.jpg,https://upload.wikimedia.org/wikipedia/en/a/a6/Resident_Evil_1_cover.png,wikipedia,,,,,,https://en.wikipedia.org/wiki/Resident_Evil_(1996_video_game),https://strategywiki.org/w/index.php?search=Resident%20Evil,https://www.youtube.com/results?search_query=Resident%20Evil%201996%20trailer,"Fixed cameras, tank controls, and ammunition as arithmetic."
quake-1996,1996,3,Quake,FPS,shooter,Shooter,#ff5a36,assets/covers/quake-1996.jpg,https://upload.wikimedia.org/wikipedia/en/4/4c/Quake1cover.jpg,wikipedia,,,,,,https://en.wikipedia.org/wiki/Quake_(video_game),https://strategywiki.org/w/index.php?search=Quake,https://www.youtube.com/results?search_query=Quake%201996%20trailer,"True 3D, rocket jumps, and a mod scene that became an industry."
diablo-1996,1996,4,Diablo,Action RPG,rpg,RPG,#7b9cff,assets/covers/diablo-1996.jpg,https://upload.wikimedia.org/wikipedia/en/3/3a/Diablo_Coverart.png,wikipedia,,,,,,https://en.wikipedia.org/wiki/Diablo_(video_game),https://strategywiki.org/w/index.php?search=Diablo,https://www.youtube.com/results?search_query=Diablo%201996%20trailer,Randomised dungeons plus Battle.net; loot quietly becomes a genre.
pokemon-red-and-blue-1996,1996,5,Pokemon Red and Blue,JRPG,rpg,RPG,#7b9cff,assets/covers/pokemon-red-and-blue-1996.jpg,https://upload.wikimedia.org/wikipedia/en/a/af/Pok%C3%A9mon_Red_and_Blue_cover_art.webp,wikipedia,,,,,,https://en.wikipedia.org/wiki/Pok%C3%A9mon_Red_and_Blue,https://strategywiki.org/w/index.php?search=Pokemon%20Red%20and%20Blue,https://www.youtube.com/results?search_query=Pokemon%20Red%20and%20Blue%201996%20trailer,"Two cartridges, one link cable, and a playground economy."
tomb-raider-1996,1996,6,Tomb Raider,Action-Adventure,adventure,Adventure,#4cd7a0,assets/covers/tomb-raider-1996.jpg,https://upload.wikimedia.org/wikipedia/en/6/69/Tomb_Raider_%281996%29.png,wikipedia,,,,,,https://en.wikipedia.org/wiki/Tomb_Raider_(1996_video_game),https://strategywiki.org/w/index.php?search=Tomb%20Raider,https://www.youtube.com/results?search_query=Tomb%20Raider%201996%20trailer,Cinematic 3D exploration and the decade's most recognisable silhouette.
final-fantasy-vii-1997,1997,1,Final Fantasy VII,JRPG,rpg,RPG,#7b9cff,assets/covers/final-fantasy-vii-1997.jpg,https://upload.wikimedia.org/wikipedia/en/c/c2/Final_Fantasy_VII_Box_Art.jpg,wikipedia,,,,,,https://en.wikipedia.org/wiki/Final_Fantasy_VII,https://strategywiki.org/w/index.php?search=Final%20Fantasy%20VII,https://www.youtube.com/results?search_query=Final%20Fantasy%20VII%201997%20trailer,Pre-rendered spectacle that made turn-based RPGs mainstream in the West.
goldeneye-007-1997,1997,2,GoldenEye 007,FPS,shooter,Shooter,#ff5a36,assets/covers/goldeneye-007-1997.jpg,https://upload.wikimedia.org/wikipedia/en/1/13/GoldenEye_007_N64_cover.jpg,wikipedia,,,,,,https://en.wikipedia.org/wiki/GoldenEye_007_(1997_video_game),https://strategywiki.org/w/index.php?search=GoldenEye%20007,https://www.youtube.com/results?search_query=GoldenEye%20007%201997%20trailer,"Split-screen, objectives, and a film licence with no right to be this good."
fallout-1997,1997,3,Fallout,RPG,rpg,RPG,#7b9cff,assets/covers/fallout-1997.jpg,https://upload.wikimedia.org/wikipedia/en/a/af/Fallout.jpg,wikipedia,,,,,,https://en.wikipedia.org/wiki/Fallout_(video_game),https://strategywiki.org/w/index.php?search=Fallout,https://www.youtube.com/results?search_query=Fallout%201997%20trailer,A retro-future wasteland with dialogue that let you be genuinely awful.
castlevania-symphony-of-the-night-1997,1997,4,Castlevania: Symphony of the Night,Metroidvania,adventure,Adventure,#4cd7a0,assets/covers/castlevania-symphony-of-the-night-1997.jpg,https://upload.wikimedia.org/wikipedia/en/c/cf/Castlevania_SOTN_PAL.jpg,wikipedia,,,,,,https://en.wikipedia.org/wiki/Castlevania%3A_Symphony_of_the_Night,https://strategywiki.org/w/index.php?search=Castlevania%3A%20Symphony%20of%20the%20Night,https://www.youtube.com/results?search_query=Castlevania%3A%20Symphony%20of%20the%20Night%201997%20trailer,"One castle, inverted; the genre gets half its name from here."
ultima-online-1997,1997,5,Ultima Online,MMORPG,rpg,RPG,#7b9cff,assets/covers/ultima-online-1997.jpg,https://upload.wikimedia.org/wikipedia/en/7/76/Ultima_Online_cover.jpg,wikipedia,,,,,,https://en.wikipedia.org/wiki/Ultima_Online,https://strategywiki.org/w/index.php?search=Ultima%20Online,https://www.youtube.com/results?search_query=Ultima%20Online%201997%20trailer,"A persistent world with player thieves, years before anyone budgeted for that."
parappa-the-rapper-1997,1997,6,PaRappa the Rapper,Rhythm,simulation,Simulation,#8fd14f,assets/covers/parappa-the-rapper-1997.jpg,https://upload.wikimedia.org/wikipedia/en/7/74/JPPaRappacover.jpg,wikipedia,,,,,,https://en.wikipedia.org/wiki/PaRappa_the_Rapper,https://strategywiki.org/w/index.php?search=PaRappa%20the%20Rapper,https://www.youtube.com/results?search_query=PaRappa%20the%20Rapper%201997%20trailer,Button timing as comedy; the rhythm genre finds its feet and its attitude.
half-life-1998,1998,1,Half-Life,FPS,shooter,Shooter,#ff5a36,assets/covers/half-life-1998.jpg,https://upload.wikimedia.org/wikipedia/en/f/fa/Half-Life_Cover_Art.jpg,wikipedia,,,,,,https://en.wikipedia.org/wiki/Half-Life_(video_game),https://strategywiki.org/w/index.php?search=Half-Life,https://www.youtube.com/results?search_query=Half-Life%201998%20trailer,"Scripted storytelling told entirely from behind the eyes, no cutscenes."
the-legend-of-zelda-ocarina-of-time-1998,1998,2,The Legend of Zelda: Ocarina of Time,Action-Adventure,adventure,Adventure,#4cd7a0,assets/covers/the-legend-of-zelda-ocarina-of-time-1998.jpg,https://upload.wikimedia.org/wikipedia/en/5/57/The_Legend_of_Zelda_Ocarina_of_Time.jpg,wikipedia,,,,,,https://en.wikipedia.org/wiki/The_Legend_of_Zelda%3A_Ocarina_of_Time,https://strategywiki.org/w/index.php?search=The%20Legend%20of%20Zelda%3A%20Ocarina%20of%20Time,https://www.youtube.com/results?search_query=The%20Legend%20of%20Zelda%3A%20Ocarina%20of%20Time%201998%20trailer,"Wrote the grammar of 3D adventure: lock-on combat, a world on a clock."
metal-gear-solid-1998,1998,3,Metal Gear Solid,Stealth,stealth,Stealth,#9aa3b5,assets/covers/metal-gear-solid-1998.jpg,https://upload.wikimedia.org/wikipedia/en/3/33/Metal_Gear_Solid_cover_art.png,wikipedia,,,,,,https://en.wikipedia.org/wiki/Metal_Gear_Solid_(1998_video_game),https://strategywiki.org/w/index.php?search=Metal%20Gear%20Solid,https://www.youtube.com/results?search_query=Metal%20Gear%20Solid%201998%20trailer,Cinema smuggled into a PlayStation; hiding became more interesting than shooting.
starcraft-1998,1998,4,StarCraft,RTS,strategy,Strategy,#b07bff,assets/covers/starcraft-1998.jpg,https://upload.wikimedia.org/wikipedia/en/9/93/StarCraft_box_art.jpg,wikipedia,,,,,,https://en.wikipedia.org/wiki/StarCraft_(video_game),https://strategywiki.org/w/index.php?search=StarCraft,https://www.youtube.com/results?search_query=StarCraft%201998%20trailer,Three asymmetric armies so finely balanced they became a national sport.
resident-evil-2-1998,1998,5,Resident Evil 2,Survival Horror,horror,Horror,#ff3b5c,assets/covers/resident-evil-2-1998.jpg,https://upload.wikimedia.org/wikipedia/en/4/40/NTSC_Resident_Evil_2_Cover.png,wikipedia,,,,,,https://en.wikipedia.org/wiki/Resident_Evil_2,https://strategywiki.org/w/index.php?search=Resident%20Evil%202,https://www.youtube.com/results?search_query=Resident%20Evil%202%201998%20trailer,"Two scenarios through one police station, and Leon's very bad first shift."
grim-fandango-1998,1998,6,Grim Fandango,Point & Click,adventure,Adventure,#4cd7a0,assets/covers/grim-fandango-1998.jpg,https://upload.wikimedia.org/wikipedia/en/7/76/Grim_Fandango_artwork.jpg,wikipedia,,,,,,https://en.wikipedia.org/wiki/Grim_Fandango,https://strategywiki.org/w/index.php?search=Grim%20Fandango,https://www.youtube.com/results?search_query=Grim%20Fandango%201998%20trailer,"Film noir in the land of the dead, with the best script LucasArts ever shipped."
system-shock-2-1999,1999,1,System Shock 2,Immersive Sim,immersive,Immersive Sim,#00c2a8,assets/covers/system-shock-2-1999.jpg,https://upload.wikimedia.org/wikipedia/en/9/91/Systemshock2box.jpg,wikipedia,,,,,,https://en.wikipedia.org/wiki/System_Shock_2,https://strategywiki.org/w/index.php?search=System%20Shock%202,https://www.youtube.com/results?search_query=System%20Shock%202%201999%20trailer,A haunted starship that let you solve it wrong and live with it.
silent-hill-1999,1999,2,Silent Hill,Horror,horror,Horror,#ff3b5c,assets/covers/silent-hill-1999.jpg,https://upload.wikimedia.org/wikipedia/en/9/96/Silent_Hill_video_game_cover.png,wikipedia,,,,,,https://en.wikipedia.org/wiki/Silent_Hill_(video_game),https://strategywiki.org/w/index.php?search=Silent%20Hill,https://www.youtube.com/results?search_query=Silent%20Hill%201999%20trailer,Fog born of hardware limits turned into the most effective dread in games.
age-of-empires-ii-1999,1999,3,Age of Empires II,RTS,strategy,Strategy,#b07bff,assets/covers/age-of-empires-ii-1999.jpg,https://upload.wikimedia.org/wikipedia/en/5/56/Age_of_Empires_II_-_The_Age_of_Kings_Coverart.png,wikipedia,,,,,,https://en.wikipedia.org/wiki/Age_of_Empires_II,https://strategywiki.org/w/index.php?search=Age%20of%20Empires%20II,https://www.youtube.com/results?search_query=Age%20of%20Empires%20II%201999%20trailer,"Castles, monks and mangonels; still being patched a quarter-century on."
unreal-tournament-1999,1999,4,Unreal Tournament,Arena FPS,shooter,Shooter,#ff5a36,assets/covers/unreal-tournament-1999.jpg,https://upload.wikimedia.org/wikipedia/en/f/f4/Unrealtournament.jpg,wikipedia,,,,,,https://en.wikipedia.org/wiki/Unreal_Tournament_(1999_video_game),https://strategywiki.org/w/index.php?search=Unreal%20Tournament,https://www.youtube.com/results?search_query=Unreal%20Tournament%201999%20trailer,"Pure movement and aim, stripped of everything that wasn't the fight."
everquest-1999,1999,5,EverQuest,MMORPG,rpg,RPG,#7b9cff,assets/covers/everquest-1999.jpg,https://upload.wikimedia.org/wikipedia/en/d/d2/EverQuest_Coverart.png,wikipedia,,,,,,https://en.wikipedia.org/wiki/EverQuest,https://strategywiki.org/w/index.php?search=EverQuest,https://www.youtube.com/results?search_query=EverQuest%201999%20trailer,The first 3D persistent world big enough to swallow people whole.
planescape-torment-1999,1999,6,Planescape: Torment,RPG,rpg,RPG,#7b9cff,assets/covers/planescape-torment-1999.jpg,https://upload.wikimedia.org/wikipedia/en/0/06/Planescape-torment-box.jpg,wikipedia,,,,,,https://en.wikipedia.org/wiki/Planescape%3A_Torment,https://strategywiki.org/w/index.php?search=Planescape%3A%20Torment,https://www.youtube.com/results?search_query=Planescape%3A%20Torment%201999%20trailer,"What can change the nature of a man? Prose first, combat a distant second."
deus-ex-2000,2000,1,Deus Ex,Immersive Sim,immersive,Immersive Sim,#00c2a8,assets/covers/deus-ex-2000.jpg,https://upload.wikimedia.org/wikipedia/en/b/ba/Deus_Ex_%28game_box_art%29.jpg,wikipedia,,,,,,https://en.wikipedia.org/wiki/Deus_Ex_(video_game),https://strategywiki.org/w/index.php?search=Deus%20Ex,https://www.youtube.com/results?search_query=Deus%20Ex%202000%20trailer,"Conspiracy RPG where the vent, the hack and the gun were all valid."
the-sims-2000,2000,2,The Sims,Life Sim,simulation,Simulation,#8fd14f,assets/covers/the-sims-2000.jpg,https://upload.wikimedia.org/wikipedia/en/2/22/The_Sims_Coverart.png,wikipedia,,,,,,https://en.wikipedia.org/wiki/The_Sims_(video_game),https://strategywiki.org/w/index.php?search=The%20Sims,https://www.youtube.com/results?search_query=The%20Sims%202000%20trailer,A dollhouse simulation that quietly became the best-selling PC game alive.
diablo-ii-2000,2000,3,Diablo II,Action RPG,rpg,RPG,#7b9cff,assets/covers/diablo-ii-2000.jpg,https://upload.wikimedia.org/wikipedia/en/d/d5/Diablo_II_Coverart.png,wikipedia,,,,,,https://en.wikipedia.org/wiki/Diablo_II,https://strategywiki.org/w/index.php?search=Diablo%20II,https://www.youtube.com/results?search_query=Diablo%20II%202000%20trailer,Loot as a rhythm section; the blueprint for two decades of grinding.
counter-strike-2000,2000,4,Counter-Strike,Tactical FPS,shooter,Shooter,#ff5a36,assets/covers/counter-strike-2000.jpg,https://upload.wikimedia.org/wikipedia/en/6/67/Counter-Strike_Box.jpg,wikipedia,,,,,,https://en.wikipedia.org/wiki/Counter-Strike_(video_game),https://strategywiki.org/w/index.php?search=Counter-Strike,https://www.youtube.com/results?search_query=Counter-Strike%202000%20trailer,A Half-Life mod that redefined competitive shooters for good.
perfect-dark-2000,2000,5,Perfect Dark,FPS,shooter,Shooter,#ff5a36,assets/covers/perfect-dark-2000.jpg,https://upload.wikimedia.org/wikipedia/en/3/32/Perfect_dark_box.jpg,wikipedia,,,,,,https://en.wikipedia.org/wiki/Perfect_Dark,https://strategywiki.org/w/index.php?search=Perfect%20Dark,https://www.youtube.com/results?search_query=Perfect%20Dark%202000%20trailer,"GoldenEye's successor, with bots, gadgets and sci-fi swagger."
tony-hawks-pro-skater-2-2000,2000,6,Tony Hawk's Pro Skater 2,Sports,simulation,Simulation,#8fd14f,assets/covers/tony-hawks-pro-skater-2-2000.jpg,https://upload.wikimedia.org/wikipedia/en/4/41/Tony_Hawk%27s_Pro_Skater_2_cover.png,wikipedia,,,,,,https://en.wikipedia.org/wiki/Tony_Hawk's_Pro_Skater_2,https://strategywiki.org/w/index.php?search=Tony%20Hawk's%20Pro%20Skater%202,https://www.youtube.com/results?search_query=Tony%20Hawk's%20Pro%20Skater%202%202000%20trailer,"Manuals, the two-minute run, and a soundtrack nobody has escaped."
halo-combat-evolved-2001,2001,1,Halo: Combat Evolved,FPS,shooter,Shooter,#ff5a36,assets/covers/halo-combat-evolved-2001.jpg,https://upload.wikimedia.org/wikipedia/en/8/80/Halo_-_Combat_Evolved_%28XBox_version_-_box_art%29.jpg,wikipedia,,,,,,https://en.wikipedia.org/wiki/Halo%3A_Combat_Evolved,https://strategywiki.org/w/index.php?search=Halo%3A%20Combat%20Evolved,https://www.youtube.com/results?search_query=Halo%3A%20Combat%20Evolved%202001%20trailer,"Proved a console shooter could feel better than a mouse, with two guns and a grenade."
grand-theft-auto-iii-2001,2001,2,Grand Theft Auto III,Open World,openworld,Open World,#ffd166,assets/covers/grand-theft-auto-iii-2001.jpg,https://upload.wikimedia.org/wikipedia/en/b/be/GTA3boxcover.jpg,wikipedia,,,,,,https://en.wikipedia.org/wiki/Grand_Theft_Auto_III,https://strategywiki.org/w/index.php?search=Grand%20Theft%20Auto%20III,https://www.youtube.com/results?search_query=Grand%20Theft%20Auto%20III%202001%20trailer,The city became the protagonist and every rule became optional.
ico-2001,2001,3,Ico,Puzzle-Adventure,adventure,Adventure,#4cd7a0,assets/covers/ico-2001.jpg,https://upload.wikimedia.org/wikipedia/en/4/40/Ico_cover_-_EU%2BJP.jpg,wikipedia,,,,,,https://en.wikipedia.org/wiki/Ico,https://strategywiki.org/w/index.php?search=Ico,https://www.youtube.com/results?search_query=Ico%202001%20trailer,Holding a hand as a game mechanic; negative space as art direction.
max-payne-2001,2001,4,Max Payne,Action,action,Action,#ff6ab5,assets/covers/max-payne-2001.jpg,https://upload.wikimedia.org/wikipedia/en/4/4c/Maxpaynebox.jpg,wikipedia,,,,,,https://en.wikipedia.org/wiki/Max_Payne_(video_game),https://strategywiki.org/w/index.php?search=Max%20Payne,https://www.youtube.com/results?search_query=Max%20Payne%202001%20trailer,"Bullet time, graphic novel panels and a very tired man in the snow."
super-smash-bros-melee-2001,2001,5,Super Smash Bros. Melee,Fighting,fighting,Fighting,#e05bff,assets/covers/super-smash-bros-melee-2001.jpg,https://upload.wikimedia.org/wikipedia/en/7/75/Super_Smash_Bros_Melee_box_art.png,wikipedia,,,,,,https://en.wikipedia.org/wiki/Super_Smash_Bros._Melee,https://strategywiki.org/w/index.php?search=Super%20Smash%20Bros.%20Melee,https://www.youtube.com/results?search_query=Super%20Smash%20Bros.%20Melee%202001%20trailer,Twenty-five years of tournament play squeezed out of one launch-window disc.
silent-hill-2-2001,2001,6,Silent Hill 2,Horror,horror,Horror,#ff3b5c,assets/covers/silent-hill-2-2001.jpg,https://upload.wikimedia.org/wikipedia/en/9/95/Silent_Hill_2.jpg,wikipedia,,,,,,https://en.wikipedia.org/wiki/Silent_Hill_2,https://strategywiki.org/w/index.php?search=Silent%20Hill%202,https://www.youtube.com/results?search_query=Silent%20Hill%202%202001%20trailer,Grief rendered as a town; still the medium's finest psychological horror.
the-elder-scrolls-iii-morrowind-2002,2002,1,The Elder Scrolls III: Morrowind,RPG,rpg,RPG,#7b9cff,assets/covers/the-elder-scrolls-iii-morrowind-2002.jpg,https://upload.wikimedia.org/wikipedia/en/5/53/MorrowindCOVER.jpg,wikipedia,,,,,,https://en.wikipedia.org/wiki/The_Elder_Scrolls_III%3A_Morrowind,https://strategywiki.org/w/index.php?search=The%20Elder%20Scrolls%20III%3A%20Morrowind,https://www.youtube.com/results?search_query=The%20Elder%20Scrolls%20III%3A%20Morrowind%202002%20trailer,"An alien island with no quest markers, trusting you to get lost."
metroid-prime-2002,2002,2,Metroid Prime,Action-Adventure,adventure,Adventure,#4cd7a0,assets/covers/metroid-prime-2002.jpg,https://upload.wikimedia.org/wikipedia/en/b/ba/MetroidPrimebox.jpg,wikipedia,,,,,,https://en.wikipedia.org/wiki/Metroid_Prime,https://strategywiki.org/w/index.php?search=Metroid%20Prime,https://www.youtube.com/results?search_query=Metroid%20Prime%202002%20trailer,A first-person world you read through a visor rather than shot through.
kingdom-hearts-2002,2002,3,Kingdom Hearts,Action RPG,rpg,RPG,#7b9cff,assets/covers/kingdom-hearts-2002.jpg,https://upload.wikimedia.org/wikipedia/en/8/85/Kingdom_Hearts.jpg,wikipedia,,,,,,https://en.wikipedia.org/wiki/Kingdom_Hearts_(video_game),https://strategywiki.org/w/index.php?search=Kingdom%20Hearts,https://www.youtube.com/results?search_query=Kingdom%20Hearts%202002%20trailer,An improbable crossover that worked because it took its sincerity seriously.
battlefield-1942-2002,2002,4,Battlefield 1942,FPS,shooter,Shooter,#ff5a36,assets/covers/battlefield-1942-2002.jpg,https://upload.wikimedia.org/wikipedia/en/2/27/Battlefield_1942_Box_Art.jpg,wikipedia,,,,,,https://en.wikipedia.org/wiki/Battlefield_1942,https://strategywiki.org/w/index.php?search=Battlefield%201942,https://www.youtube.com/results?search_query=Battlefield%201942%202002%20trailer,"Vehicles, squads and 64 players; the combined-arms shooter arrives."
animal-crossing-2002,2002,5,Animal Crossing,Life Sim,simulation,Simulation,#8fd14f,assets/covers/animal-crossing-2002.jpg,https://upload.wikimedia.org/wikipedia/en/8/82/Animal_Crossing_Coverart.png,wikipedia,,,,,,https://en.wikipedia.org/wiki/Animal_Crossing_(video_game),https://strategywiki.org/w/index.php?search=Animal%20Crossing,https://www.youtube.com/results?search_query=Animal%20Crossing%202002%20trailer,"Real-time chores, a loan shark raccoon, and a village that missed you."
warcraft-iii-2002,2002,6,Warcraft III,RTS,strategy,Strategy,#b07bff,assets/covers/warcraft-iii-2002.jpg,https://upload.wikimedia.org/wikipedia/en/6/66/WarcraftIII.jpg,wikipedia,,,,,,https://en.wikipedia.org/wiki/Warcraft_III%3A_Reign_of_Chaos,https://strategywiki.org/w/index.php?search=Warcraft%20III,https://www.youtube.com/results?search_query=Warcraft%20III%202002%20trailer,"Heroes, creeps, and a custom map that grew into its own genre."
the-wind-waker-2003,2003,1,The Wind Waker,Action-Adventure,adventure,Adventure,#4cd7a0,assets/covers/the-wind-waker-2003.jpg,https://upload.wikimedia.org/wikipedia/en/7/79/The_Legend_of_Zelda_The_Wind_Waker.jpg,wikipedia,,,,,,https://en.wikipedia.org/wiki/The_Legend_of_Zelda%3A_The_Wind_Waker,https://strategywiki.org/w/index.php?search=The%20Wind%20Waker,https://www.youtube.com/results?search_query=The%20Wind%20Waker%202003%20trailer,Cel shading aged into timelessness while its critics didn't.
prince-of-persia-sands-of-time-2003,2003,2,Prince of Persia: Sands of Time,Platformer,platformer,Platformer,#e8c547,assets/covers/prince-of-persia-sands-of-time-2003.jpg,https://upload.wikimedia.org/wikipedia/en/8/86/Sands_of_time_cover.jpg,wikipedia,,,,,,https://en.wikipedia.org/wiki/Prince_of_Persia%3A_The_Sands_of_Time,https://strategywiki.org/w/index.php?search=Prince%20of%20Persia%3A%20Sands%20of%20Time,https://www.youtube.com/results?search_query=Prince%20of%20Persia%3A%20Sands%20of%20Time%202003%20trailer,Rewinding death turned failure into part of the choreography.
beyond-good-evil-2003,2003,3,Beyond Good & Evil,Action-Adventure,adventure,Adventure,#4cd7a0,assets/covers/beyond-good-evil-2003.jpg,https://upload.wikimedia.org/wikipedia/en/c/ce/BGE-cover.jpg,wikipedia,,,,,,https://en.wikipedia.org/wiki/Beyond_Good_%26_Evil_(video_game),https://strategywiki.org/w/index.php?search=Beyond%20Good%20%26%20Evil,https://www.youtube.com/results?search_query=Beyond%20Good%20%26%20Evil%202003%20trailer,"A photojournalist, a talking pig and a cult classic nobody bought."
call-of-duty-2003,2003,4,Call of Duty,FPS,shooter,Shooter,#ff5a36,assets/covers/call-of-duty-2003.jpg,https://upload.wikimedia.org/wikipedia/en/7/7c/Call_Of_Duty_%282003%29%2CCover%2CUpdated.jpg,wikipedia,,,,,,https://en.wikipedia.org/wiki/Call_of_Duty_(video_game),https://strategywiki.org/w/index.php?search=Call%20of%20Duty,https://www.youtube.com/results?search_query=Call%20of%20Duty%202003%20trailer,"Squad-scale war where you were one rifle among many, not a hero."
star-wars-knights-of-the-old-republic-2003,2003,5,Star Wars: Knights of the Old Republic,RPG,rpg,RPG,#7b9cff,assets/covers/star-wars-knights-of-the-old-republic-2003.jpg,https://upload.wikimedia.org/wikipedia/en/1/11/Kotorbox.jpg,wikipedia,,,,,,https://en.wikipedia.org/wiki/Star_Wars%3A_Knights_of_the_Old_Republic_(video_game),https://strategywiki.org/w/index.php?search=Star%20Wars%3A%20Knights%20of%20the%20Old%20Republic,https://www.youtube.com/results?search_query=Star%20Wars%3A%20Knights%20of%20the%20Old%20Republic%202003%20trailer,A twist that retroactively reframes forty hours of your own choices.
eve-online-2003,2003,6,EVE Online,MMORPG,rpg,RPG,#7b9cff,assets/covers/eve-online-2003.svg,https://upload.wikimedia.org/wikipedia/commons/5/51/EVE_online_logo.svg,wikipedia,,,,,,https://en.wikipedia.org/wiki/EVE_Online,https://strategywiki.org/w/index.php?search=EVE%20Online,https://www.youtube.com/results?search_query=EVE%20Online%202003%20trailer,A single-shard economy where the real wars are fought in spreadsheets.
half-life-2-2004,2004,1,Half-Life 2,FPS,shooter,Shooter,#ff5a36,assets/covers/half-life-2-2004.jpg,https://upload.wikimedia.org/wikipedia/en/2/25/Half-Life_2_cover.jpg,wikipedia,,,,,,https://en.wikipedia.org/wiki/Half-Life_2,https://strategywiki.org/w/index.php?search=Half-Life%202,https://www.youtube.com/results?search_query=Half-Life%202%202004%20trailer,"Physics as a verb, plus a face-acting engine the industry copied for years."
world-of-warcraft-2004,2004,2,World of Warcraft,MMORPG,rpg,RPG,#7b9cff,assets/covers/world-of-warcraft-2004.jpg,https://upload.wikimedia.org/wikipedia/en/6/65/World_of_Warcraft.png,wikipedia,,,,,,https://en.wikipedia.org/wiki/World_of_Warcraft,https://strategywiki.org/w/index.php?search=World%20of%20Warcraft,https://www.youtube.com/results?search_query=World%20of%20Warcraft%202004%20trailer,Made an entire genre mainstream and kept millions inside it.
gta-san-andreas-2004,2004,3,GTA: San Andreas,Open World,openworld,Open World,#ffd166,assets/covers/gta-san-andreas-2004.jpg,https://upload.wikimedia.org/wikipedia/en/c/c4/GTASABOX.jpg,wikipedia,,,,,,https://en.wikipedia.org/wiki/Grand_Theft_Auto%3A_San_Andreas,https://strategywiki.org/w/index.php?search=GTA%3A%20San%20Andreas,https://www.youtube.com/results?search_query=GTA%3A%20San%20Andreas%202004%20trailer,"Three cities, planes, gyms and the most sprawling PS2 game ever shipped."
katamari-damacy-2004,2004,4,Katamari Damacy,Puzzle,puzzle,Puzzle,#47c9e8,assets/covers/katamari-damacy-2004.jpg,https://upload.wikimedia.org/wikipedia/en/a/aa/KatamariDamacybox.jpg,wikipedia,,,,,,https://en.wikipedia.org/wiki/Katamari_Damacy,https://strategywiki.org/w/index.php?search=Katamari%20Damacy,https://www.youtube.com/results?search_query=Katamari%20Damacy%202004%20trailer,Roll everything. A budget experiment that became a design parable.
far-cry-2004,2004,5,Far Cry,FPS,shooter,Shooter,#ff5a36,assets/covers/far-cry-2004.jpg,https://upload.wikimedia.org/wikipedia/en/a/a5/Far_Cry_1_boxshot.jpg,wikipedia,,,,,,https://en.wikipedia.org/wiki/Far_Cry_(video_game),https://strategywiki.org/w/index.php?search=Far%20Cry,https://www.youtube.com/results?search_query=Far%20Cry%202004%20trailer,"Open islands, long sightlines, and enemies that flanked you for it."
burnout-3-takedown-2004,2004,6,Burnout 3: Takedown,Racing,racing,Racing,#00b3ff,assets/covers/burnout-3-takedown-2004.jpg,https://upload.wikimedia.org/wikipedia/en/9/93/Burnout_3_-_Takedown_Coverart.jpg,wikipedia,,,,,,https://en.wikipedia.org/wiki/Burnout_3%3A_Takedown,https://strategywiki.org/w/index.php?search=Burnout%203%3A%20Takedown,https://www.youtube.com/results?search_query=Burnout%203%3A%20Takedown%202004%20trailer,Crashing became the point; arcade racing at its loudest and least sensible.
resident-evil-4-2005,2005,1,Resident Evil 4,Survival Horror,horror,Horror,#ff3b5c,assets/covers/resident-evil-4-2005.jpg,https://upload.wikimedia.org/wikipedia/en/d/d9/Resi4-gc-cover.jpg,wikipedia,,,,,,https://en.wikipedia.org/wiki/Resident_Evil_4,https://strategywiki.org/w/index.php?search=Resident%20Evil%204,https://www.youtube.com/results?search_query=Resident%20Evil%204%202005%20trailer,Over-the-shoulder aiming reinvented action games twice: in 2005 and forever after.
shadow-of-the-colossus-2005,2005,2,Shadow of the Colossus,Action-Adventure,adventure,Adventure,#4cd7a0,assets/covers/shadow-of-the-colossus-2005.jpg,https://upload.wikimedia.org/wikipedia/en/f/f8/Shadow_of_the_Colossus_%282005%29_cover.jpg,wikipedia,,,,,,https://en.wikipedia.org/wiki/Shadow_of_the_Colossus,https://strategywiki.org/w/index.php?search=Shadow%20of%20the%20Colossus,https://www.youtube.com/results?search_query=Shadow%20of%20the%20Colossus%202005%20trailer,"Sixteen fights, an empty world and an argument about what games can mean."
psychonauts-2005,2005,3,Psychonauts,Platformer,platformer,Platformer,#e8c547,assets/covers/psychonauts-2005.jpg,https://upload.wikimedia.org/wikipedia/en/1/12/Psychonautsbox.png,wikipedia,,,,,,https://en.wikipedia.org/wiki/Psychonauts,https://strategywiki.org/w/index.php?search=Psychonauts,https://www.youtube.com/results?search_query=Psychonauts%202005%20trailer,"Levels shaped like damaged minds, written sharper than most films."
guitar-hero-2005,2005,4,Guitar Hero,Rhythm,simulation,Simulation,#8fd14f,assets/covers/guitar-hero-2005.jpg,https://upload.wikimedia.org/wikipedia/en/2/2d/Guitarhero-cover.jpg,wikipedia,,,,,,https://en.wikipedia.org/wiki/Guitar_Hero_(video_game),https://strategywiki.org/w/index.php?search=Guitar%20Hero,https://www.youtube.com/results?search_query=Guitar%20Hero%202005%20trailer,A plastic guitar that put the living room back into gaming.
civilization-iv-2005,2005,5,Civilization IV,4X,strategy,Strategy,#b07bff,assets/covers/civilization-iv-2005.jpg,https://upload.wikimedia.org/wikipedia/en/7/7e/CivIVboxshot.jpg,wikipedia,,,,,,https://en.wikipedia.org/wiki/Civilization_IV,https://strategywiki.org/w/index.php?search=Civilization%20IV,https://www.youtube.com/results?search_query=Civilization%20IV%202005%20trailer,"The series' most beloved ruleset, and the only 4X with a Grammy-winning theme."
god-of-war-2005,2005,6,God of War,Action,action,Action,#ff6ab5,assets/covers/god-of-war-2005.jpg,https://upload.wikimedia.org/wikipedia/en/b/b5/God_of_War_%282005%29_cover.jpg,wikipedia,,,,,,https://en.wikipedia.org/wiki/God_of_War_(2005_video_game),https://strategywiki.org/w/index.php?search=God%20of%20War,https://www.youtube.com/results?search_query=God%20of%20War%202005%20trailer,"Brutal, legible combat and set pieces the hardware had no business running."
oblivion-2006,2006,1,Oblivion,RPG,rpg,RPG,#7b9cff,assets/covers/oblivion-2006.jpg,https://upload.wikimedia.org/wikipedia/en/4/4b/The_Elder_Scrolls_IV_Oblivion_cover.png,wikipedia,,,,,,https://en.wikipedia.org/wiki/The_Elder_Scrolls_IV%3A_Oblivion,https://strategywiki.org/w/index.php?search=Oblivion,https://www.youtube.com/results?search_query=Oblivion%202006%20trailer,Cyrodiil's open gates and infinite side-quests defined the HD-era RPG.
okami-2006,2006,2,Okami,Action-Adventure,adventure,Adventure,#4cd7a0,assets/covers/okami-2006.jpg,https://upload.wikimedia.org/wikipedia/en/b/be/OkamiNTSCcoverFinal.jpg,wikipedia,,,,,,https://en.wikipedia.org/wiki/%C5%8Ckami,https://strategywiki.org/w/index.php?search=Okami,https://www.youtube.com/results?search_query=Okami%202006%20trailer,Ink-wash world where the brush was both camera and weapon.
gears-of-war-2006,2006,3,Gears of War,Shooter,shooter,Shooter,#ff5a36,assets/covers/gears-of-war-2006.jpg,https://upload.wikimedia.org/wikipedia/en/8/82/Gears_of_war_cover_art.jpg,wikipedia,,,,,,https://en.wikipedia.org/wiki/Gears_of_War_(video_game),https://strategywiki.org/w/index.php?search=Gears%20of%20War,https://www.youtube.com/results?search_query=Gears%20of%20War%202006%20trailer,Cover shooting and chunky men set the visual tone of a whole console cycle.
wii-sports-2006,2006,4,Wii Sports,Sports,simulation,Simulation,#8fd14f,assets/covers/wii-sports-2006.jpg,https://upload.wikimedia.org/wikipedia/en/5/54/Wii_Sports_Sleeve_Cover_Art.jpg,wikipedia,,,,,,https://en.wikipedia.org/wiki/Wii_Sports,https://strategywiki.org/w/index.php?search=Wii%20Sports,https://www.youtube.com/results?search_query=Wii%20Sports%202006%20trailer,Bundled with a console and handed games to everyone's grandmother.
company-of-heroes-2006,2006,5,Company of Heroes,RTS,strategy,Strategy,#b07bff,assets/covers/company-of-heroes-2006.jpg,https://upload.wikimedia.org/wikipedia/en/c/ce/Companyofheroes_pcboxboxart_160w.jpg,wikipedia,,,,,,https://en.wikipedia.org/wiki/Company_of_Heroes_(video_game),https://strategywiki.org/w/index.php?search=Company%20of%20Heroes,https://www.youtube.com/results?search_query=Company%20of%20Heroes%202006%20trailer,"Cover, suppression and squad AI; wartime strategy finally grows up."
hitman-blood-money-2006,2006,6,Hitman: Blood Money,Stealth,stealth,Stealth,#9aa3b5,assets/covers/hitman-blood-money-2006.jpg,https://upload.wikimedia.org/wikipedia/en/b/ba/Hitman_4_artwork.jpg,wikipedia,,,,,,https://en.wikipedia.org/wiki/Hitman%3A_Blood_Money,https://strategywiki.org/w/index.php?search=Hitman%3A%20Blood%20Money,https://www.youtube.com/results?search_query=Hitman%3A%20Blood%20Money%202006%20trailer,Sandbox assassination with a sense of humour about its own accidents.
portal-2007,2007,1,Portal,Puzzle,puzzle,Puzzle,#47c9e8,assets/covers/portal-2007.jpg,https://upload.wikimedia.org/wikipedia/en/9/9f/Portal_standalonebox.jpg,wikipedia,,,,,,https://en.wikipedia.org/wiki/Portal_(video_game),https://strategywiki.org/w/index.php?search=Portal,https://www.youtube.com/results?search_query=Portal%202007%20trailer,"The tightest comedy in games, told in two portals and roughly three hours."
bioshock-2007,2007,2,BioShock,Immersive Sim,immersive,Immersive Sim,#00c2a8,assets/covers/bioshock-2007.jpg,https://upload.wikimedia.org/wikipedia/en/6/6d/BioShock_cover.jpg,wikipedia,,,,,,https://en.wikipedia.org/wiki/BioShock,https://strategywiki.org/w/index.php?search=BioShock,https://www.youtube.com/results?search_query=BioShock%202007%20trailer,"Objectivism underwater, and a twist that interrogated the act of playing."
super-mario-galaxy-2007,2007,3,Super Mario Galaxy,Platformer,platformer,Platformer,#e8c547,assets/covers/super-mario-galaxy-2007.jpg,https://upload.wikimedia.org/wikipedia/en/7/76/SuperMarioGalaxy.jpg,wikipedia,,,,,,https://en.wikipedia.org/wiki/Super_Mario_Galaxy,https://strategywiki.org/w/index.php?search=Super%20Mario%20Galaxy,https://www.youtube.com/results?search_query=Super%20Mario%20Galaxy%202007%20trailer,"Gravity as a level design tool; spherical worlds, orchestral swagger."
mass-effect-2007,2007,4,Mass Effect,Action RPG,rpg,RPG,#7b9cff,assets/covers/mass-effect-2007.jpg,https://upload.wikimedia.org/wikipedia/en/e/e8/MassEffect.jpg,wikipedia,,,,,,https://en.wikipedia.org/wiki/Mass_Effect_(video_game),https://strategywiki.org/w/index.php?search=Mass%20Effect,https://www.youtube.com/results?search_query=Mass%20Effect%202007%20trailer,A space opera that remembered what you said three games ago.
team-fortress-2-2007,2007,5,Team Fortress 2,Hero Shooter,shooter,Shooter,#ff5a36,assets/covers/team-fortress-2-2007.jpg,https://upload.wikimedia.org/wikipedia/en/5/5f/Tf2_standalonebox.jpg,wikipedia,,,,,,https://en.wikipedia.org/wiki/Team_Fortress_2,https://strategywiki.org/w/index.php?search=Team%20Fortress%202,https://www.youtube.com/results?search_query=Team%20Fortress%202%202007%20trailer,"Nine readable silhouettes, a decade of hats, and the class shooter perfected."
rock-band-2007,2007,6,Rock Band,Rhythm,simulation,Simulation,#8fd14f,assets/covers/rock-band-2007.jpg,https://upload.wikimedia.org/wikipedia/en/e/e0/Rock_band_cover.jpg,wikipedia,,,,,,https://en.wikipedia.org/wiki/Rock_Band_(video_game),https://strategywiki.org/w/index.php?search=Rock%20Band,https://www.youtube.com/results?search_query=Rock%20Band%202007%20trailer,"Four instruments, one living room, and an argument about who sings."
fallout-3-2008,2008,1,Fallout 3,RPG,rpg,RPG,#7b9cff,assets/covers/fallout-3-2008.jpg,https://upload.wikimedia.org/wikipedia/en/8/83/Fallout_3_cover_art.PNG,wikipedia,,,,,,https://en.wikipedia.org/wiki/Fallout_3,https://strategywiki.org/w/index.php?search=Fallout%203,https://www.youtube.com/results?search_query=Fallout%203%202008%20trailer,The wasteland went first person and the Capital ruins became iconic.
littlebigplanet-2008,2008,2,LittleBigPlanet,Platformer,platformer,Platformer,#e8c547,assets/covers/littlebigplanet-2008.jpg,https://upload.wikimedia.org/wikipedia/en/c/c1/LittleBigPlanetOfficialUKBoxArt.png,wikipedia,,,,,,https://en.wikipedia.org/wiki/LittleBigPlanet_(2008_video_game),https://strategywiki.org/w/index.php?search=LittleBigPlanet,https://www.youtube.com/results?search_query=LittleBigPlanet%202008%20trailer,"Handcrafted textures plus a level editor: play, create, share."
dead-space-2008,2008,3,Dead Space,Horror,horror,Horror,#ff3b5c,assets/covers/dead-space-2008.jpg,https://upload.wikimedia.org/wikipedia/en/5/57/Dead_Space_Box_Art.jpg,wikipedia,,,,,,https://en.wikipedia.org/wiki/Dead_Space_(2008_video_game),https://strategywiki.org/w/index.php?search=Dead%20Space,https://www.youtube.com/results?search_query=Dead%20Space%202008%20trailer,"Diegetic UI, strategic dismemberment, and a very loud silence."
braid-2008,2008,4,Braid,Puzzle-Platformer,platformer,Platformer,#e8c547,assets/covers/braid-2008.jpg,https://upload.wikimedia.org/wikipedia/en/6/6a/Braidlogo.jpg,wikipedia,,,,,,https://en.wikipedia.org/wiki/Braid_(video_game),https://strategywiki.org/w/index.php?search=Braid,https://www.youtube.com/results?search_query=Braid%202008%20trailer,Time manipulation and painted backdrops kicked open the indie decade.
left-4-dead-2008,2008,5,Left 4 Dead,Co-op Shooter,shooter,Shooter,#ff5a36,assets/covers/left-4-dead-2008.jpg,https://upload.wikimedia.org/wikipedia/en/5/5b/Left4Dead_Windows_cover.jpg,wikipedia,,,,,,https://en.wikipedia.org/wiki/Left_4_Dead,https://strategywiki.org/w/index.php?search=Left%204%20Dead,https://www.youtube.com/results?search_query=Left%204%20Dead%202008%20trailer,An AI director that learned to frighten four people at once.
world-of-goo-2008,2008,6,World of Goo,Physics Puzzle,puzzle,Puzzle,#47c9e8,assets/covers/world-of-goo-2008.jpg,https://upload.wikimedia.org/wikipedia/commons/c/c4/World_of_Goo_Logo.png,wikipedia,,,,,,https://en.wikipedia.org/wiki/World_of_Goo,https://strategywiki.org/w/index.php?search=World%20of%20Goo,https://www.youtube.com/results?search_query=World%20of%20Goo%202008%20trailer,"Indie engineering with a sense of dread, charm and structural integrity."
demons-souls-2009,2009,1,Demon's Souls,Action RPG,rpg,RPG,#7b9cff,assets/covers/demons-souls-2009.jpg,https://upload.wikimedia.org/wikipedia/en/9/91/Demon%27s_Souls_Cover.jpg,wikipedia,,,,,,https://en.wikipedia.org/wiki/Demon's_Souls,https://strategywiki.org/w/index.php?search=Demon's%20Souls,https://www.youtube.com/results?search_query=Demon's%20Souls%202009%20trailer,"Punishing, cryptic and invented a genre without meaning to."
uncharted-2-among-thieves-2009,2009,2,Uncharted 2: Among Thieves,Action-Adventure,adventure,Adventure,#4cd7a0,assets/covers/uncharted-2-among-thieves-2009.jpg,https://upload.wikimedia.org/wikipedia/en/7/7b/Uncharted_2_box_artwork.jpg,wikipedia,,,,,,https://en.wikipedia.org/wiki/Uncharted_2%3A_Among_Thieves,https://strategywiki.org/w/index.php?search=Uncharted%202%3A%20Among%20Thieves,https://www.youtube.com/results?search_query=Uncharted%202%3A%20Among%20Thieves%202009%20trailer,Set-piece cinema with likeable people and a train that never stops.
minecraft-2009,2009,3,Minecraft,Sandbox,simulation,Simulation,#8fd14f,,,,,,,,,https://en.wikipedia.org/wiki/Minecraft,https://strategywiki.org/w/index.php?search=Minecraft,https://www.youtube.com/results?search_query=Minecraft%202009%20trailer,"Blocks, survival and a generation's first taste of authorship."
batman-arkham-asylum-2009,2009,4,Batman: Arkham Asylum,Action,action,Action,#ff6ab5,assets/covers/batman-arkham-asylum-2009.jpg,https://upload.wikimedia.org/wikipedia/en/4/42/Batman_Arkham_Asylum_Videogame_Cover.jpg,wikipedia,,,,,,https://en.wikipedia.org/wiki/Batman%3A_Arkham_Asylum,https://strategywiki.org/w/index.php?search=Batman%3A%20Arkham%20Asylum,https://www.youtube.com/results?search_query=Batman%3A%20Arkham%20Asylum%202009%20trailer,Freeflow combat made being the world's best detective feel plausible.
plants-vs-zombies-2009,2009,5,Plants vs. Zombies,Tower Defense,strategy,Strategy,#b07bff,assets/covers/plants-vs-zombies-2009.jpg,https://upload.wikimedia.org/wikipedia/en/9/9c/PlantsvsZombiesCoverArt.jpg,wikipedia,,,,,,https://en.wikipedia.org/wiki/Plants_vs._Zombies_(video_game),https://strategywiki.org/w/index.php?search=Plants%20vs.%20Zombies,https://www.youtube.com/results?search_query=Plants%20vs.%20Zombies%202009%20trailer,"Perfectly tuned, endlessly readable, and impossible to get out of your head."
dragon-age-origins-2009,2009,6,Dragon Age: Origins,RPG,rpg,RPG,#7b9cff,assets/covers/dragon-age-origins-2009.jpg,https://upload.wikimedia.org/wikipedia/en/8/89/Dragon_Age_Origins_cover.png,wikipedia,,,,,,https://en.wikipedia.org/wiki/Dragon_Age%3A_Origins,https://strategywiki.org/w/index.php?search=Dragon%20Age%3A%20Origins,https://www.youtube.com/results?search_query=Dragon%20Age%3A%20Origins%202009%20trailer,Six origin stories and a party that argued with you and each other.
red-dead-redemption-2010,2010,1,Red Dead Redemption,Open World,openworld,Open World,#ffd166,assets/covers/red-dead-redemption-2010.jpg,https://upload.wikimedia.org/wikipedia/en/a/a7/Red_Dead_Redemption.jpg,wikipedia,,,,,,https://en.wikipedia.org/wiki/Red_Dead_Redemption,https://strategywiki.org/w/index.php?search=Red%20Dead%20Redemption,https://www.youtube.com/results?search_query=Red%20Dead%20Redemption%202010%20trailer,"A frontier ending in real time, with the best final act Rockstar ever wrote."
mass-effect-2-2010,2010,2,Mass Effect 2,Action RPG,rpg,RPG,#7b9cff,assets/covers/mass-effect-2-2010.jpg,https://upload.wikimedia.org/wikipedia/en/0/05/MassEffect2_cover.PNG,wikipedia,,,,,,https://en.wikipedia.org/wiki/Mass_Effect_2,https://strategywiki.org/w/index.php?search=Mass%20Effect%202,https://www.youtube.com/results?search_query=Mass%20Effect%202%202010%20trailer,A recruitment drive turned suicide mission where everyone can die.
super-meat-boy-2010,2010,3,Super Meat Boy,Platformer,platformer,Platformer,#e8c547,assets/covers/super-meat-boy-2010.jpg,https://upload.wikimedia.org/wikipedia/en/a/aa/SuperMeatBoy_cover.png,wikipedia,,,,,,https://en.wikipedia.org/wiki/Super_Meat_Boy,https://strategywiki.org/w/index.php?search=Super%20Meat%20Boy,https://www.youtube.com/results?search_query=Super%20Meat%20Boy%202010%20trailer,Precision platforming distilled until only the muscle memory remained.
starcraft-ii-wings-of-liberty-2010,2010,4,StarCraft II: Wings of Liberty,RTS,strategy,Strategy,#b07bff,assets/covers/starcraft-ii-wings-of-liberty-2010.jpg,https://upload.wikimedia.org/wikipedia/en/2/20/StarCraft_II_-_Box_Art.jpg,wikipedia,,,,,,https://en.wikipedia.org/wiki/StarCraft_II%3A_Wings_of_Liberty,https://strategywiki.org/w/index.php?search=StarCraft%20II%3A%20Wings%20of%20Liberty,https://www.youtube.com/results?search_query=StarCraft%20II%3A%20Wings%20of%20Liberty%202010%20trailer,Esports professionalised around one impeccably tuned ruleset.
limbo-2010,2010,5,Limbo,Puzzle-Platformer,platformer,Platformer,#e8c547,assets/covers/limbo-2010.jpg,https://upload.wikimedia.org/wikipedia/en/c/cc/Limbo_Box_Art.jpg,wikipedia,,,,,,https://en.wikipedia.org/wiki/Limbo_(video_game),https://strategywiki.org/w/index.php?search=Limbo,https://www.youtube.com/results?search_query=Limbo%202010%20trailer,"Monochrome dread, silhouettes, and traps that only teach by killing you."
civilization-v-2010,2010,6,Civilization V,4X,strategy,Strategy,#b07bff,assets/covers/civilization-v-2010.jpg,https://upload.wikimedia.org/wikipedia/en/5/5c/CIVILIZATION-V-FRONT-OF-BOX.jpg,wikipedia,,,,,,https://en.wikipedia.org/wiki/Civilization_V,https://strategywiki.org/w/index.php?search=Civilization%20V,https://www.youtube.com/results?search_query=Civilization%20V%202010%20trailer,Hexes and one-unit-per-tile rewrote the series' tactics from the ground up.
the-elder-scrolls-v-skyrim-2011,2011,1,The Elder Scrolls V: Skyrim,RPG,rpg,RPG,#7b9cff,assets/covers/the-elder-scrolls-v-skyrim-2011.jpg,https://upload.wikimedia.org/wikipedia/en/1/15/The_Elder_Scrolls_V_Skyrim_cover.png,wikipedia,,,,,,https://en.wikipedia.org/wiki/The_Elder_Scrolls_V%3A_Skyrim,https://strategywiki.org/w/index.php?search=The%20Elder%20Scrolls%20V%3A%20Skyrim,https://www.youtube.com/results?search_query=The%20Elder%20Scrolls%20V%3A%20Skyrim%202011%20trailer,"Dragons, mods and a world people are still living in fifteen years later."
dark-souls-2011,2011,2,Dark Souls,Action RPG,rpg,RPG,#7b9cff,assets/covers/dark-souls-2011.jpg,https://upload.wikimedia.org/wikipedia/en/8/8d/Dark_Souls_Cover_Art.jpg,wikipedia,,,,,,https://en.wikipedia.org/wiki/Dark_Souls_(video_game),https://strategywiki.org/w/index.php?search=Dark%20Souls,https://www.youtube.com/results?search_query=Dark%20Souls%202011%20trailer,Interlocking geography and hostile generosity; the modern template for difficulty.
portal-2-2011,2011,3,Portal 2,Puzzle,puzzle,Puzzle,#47c9e8,assets/covers/portal-2-2011.jpg,https://upload.wikimedia.org/wikipedia/en/f/f9/Portal2cover.jpg,wikipedia,,,,,,https://en.wikipedia.org/wiki/Portal_2,https://strategywiki.org/w/index.php?search=Portal%202,https://www.youtube.com/results?search_query=Portal%202%202011%20trailer,"Gels, co-op and a script good enough to be quoted for a decade."
the-binding-of-isaac-2011,2011,4,The Binding of Isaac,Roguelike,roguelike,Roguelike,#ff9f4a,assets/covers/the-binding-of-isaac-2011.jpg,https://upload.wikimedia.org/wikipedia/en/f/fa/Binding_of_isaac_header.jpg,wikipedia,,,,,,https://en.wikipedia.org/wiki/The_Binding_of_Isaac_(video_game),https://strategywiki.org/w/index.php?search=The%20Binding%20of%20Isaac,https://www.youtube.com/results?search_query=The%20Binding%20of%20Isaac%202011%20trailer,Randomised runs and grotesque item synergy; the roguelite boom starts here.
terraria-2011,2011,5,Terraria,Sandbox,simulation,Simulation,#8fd14f,assets/covers/terraria-2011.jpg,https://upload.wikimedia.org/wikipedia/en/1/1a/Terraria_Steam_artwork.jpg,wikipedia,,,,,,https://en.wikipedia.org/wiki/Terraria,https://strategywiki.org/w/index.php?search=Terraria,https://www.youtube.com/results?search_query=Terraria%202011%20trailer,2D survival crafting with a boss list as long as its item list.
bastion-2011,2011,6,Bastion,Action RPG,rpg,RPG,#7b9cff,assets/covers/bastion-2011.jpg,https://upload.wikimedia.org/wikipedia/en/f/f4/Bastion_Boxart.jpg,wikipedia,,,,,,https://en.wikipedia.org/wiki/Bastion_(video_game),https://strategywiki.org/w/index.php?search=Bastion,https://www.youtube.com/results?search_query=Bastion%202011%20trailer,"A narrator who describes what you just did, and judges it a little."
journey-2012,2012,1,Journey,Adventure,adventure,Adventure,#4cd7a0,assets/covers/journey-2012.jpg,https://upload.wikimedia.org/wikipedia/en/6/64/Journey_Title_Poster.png,wikipedia,,,,,,https://en.wikipedia.org/wiki/Journey_(2012_video_game),https://strategywiki.org/w/index.php?search=Journey,https://www.youtube.com/results?search_query=Journey%202012%20trailer,Wordless multiplayer where strangers became companions for an hour.
xcom-enemy-unknown-2012,2012,2,XCOM: Enemy Unknown,Tactics,strategy,Strategy,#b07bff,assets/covers/xcom-enemy-unknown-2012.jpg,https://upload.wikimedia.org/wikipedia/en/f/fd/XCOM_Enemy_Unknown_Game_Cover.jpg,wikipedia,,,,,,https://en.wikipedia.org/wiki/XCOM%3A_Enemy_Unknown,https://strategywiki.org/w/index.php?search=XCOM%3A%20Enemy%20Unknown,https://www.youtube.com/results?search_query=XCOM%3A%20Enemy%20Unknown%202012%20trailer,"Turn-based squads, permadeath, and a 95% shot that missed."
dishonored-2012,2012,3,Dishonored,Immersive Sim,immersive,Immersive Sim,#00c2a8,assets/covers/dishonored-2012.jpg,https://upload.wikimedia.org/wikipedia/en/6/65/Dishonored_box_art_Bethesda.jpg,wikipedia,,,,,,https://en.wikipedia.org/wiki/Dishonored,https://strategywiki.org/w/index.php?search=Dishonored,https://www.youtube.com/results?search_query=Dishonored%202012%20trailer,A plague city built so every rooftop was a solution.
ftl-faster-than-light-2012,2012,4,FTL: Faster Than Light,Roguelike,roguelike,Roguelike,#ff9f4a,assets/covers/ftl-faster-than-light-2012.svg,https://upload.wikimedia.org/wikipedia/commons/2/2a/FTL_Faster_Than_Light_Logo.svg,wikipedia,,,,,,https://en.wikipedia.org/wiki/FTL%3A_Faster_Than_Light,https://strategywiki.org/w/index.php?search=FTL%3A%20Faster%20Than%20Light,https://www.youtube.com/results?search_query=FTL%3A%20Faster%20Than%20Light%202012%20trailer,"A ship, a fire, three crew and one very bad decision per run."
hotline-miami-2012,2012,5,Hotline Miami,Action,action,Action,#ff6ab5,assets/covers/hotline-miami-2012.jpg,https://upload.wikimedia.org/wikipedia/en/f/f4/Hotline_Miami_cover.png,wikipedia,,,,,,https://en.wikipedia.org/wiki/Hotline_Miami,https://strategywiki.org/w/index.php?search=Hotline%20Miami,https://www.youtube.com/results?search_query=Hotline%20Miami%202012%20trailer,"Neon, synths, and one-hit kills in both directions; a game about the mask."
the-walking-dead-2012,2012,6,The Walking Dead,Adventure,adventure,Adventure,#4cd7a0,assets/covers/the-walking-dead-2012.jpg,https://upload.wikimedia.org/wikipedia/en/3/31/The_Walking_Dead%2C_Season_One_cover.jpeg,wikipedia,,,,,,https://en.wikipedia.org/wiki/The_Walking_Dead_(video_game),https://strategywiki.org/w/index.php?search=The%20Walking%20Dead,https://www.youtube.com/results?search_query=The%20Walking%20Dead%202012%20trailer,Episodic choices that made saving one person hurt for weeks.
the-last-of-us-2013,2013,1,The Last of Us,Action-Adventure,adventure,Adventure,#4cd7a0,assets/covers/the-last-of-us-2013.jpg,https://upload.wikimedia.org/wikipedia/en/4/46/Video_Game_Cover_-_The_Last_of_Us.jpg,wikipedia,,,,,,https://en.wikipedia.org/wiki/The_Last_of_Us_(video_game),https://strategywiki.org/w/index.php?search=The%20Last%20of%20Us,https://www.youtube.com/results?search_query=The%20Last%20of%20Us%202013%20trailer,Performance capture and restraint pulled prestige drama into the medium.
grand-theft-auto-v-2013,2013,2,Grand Theft Auto V,Open World,openworld,Open World,#ffd166,assets/covers/grand-theft-auto-v-2013.jpg,https://upload.wikimedia.org/wikipedia/en/a/a5/Grand_Theft_Auto_V.png,wikipedia,,,,,,https://en.wikipedia.org/wiki/Grand_Theft_Auto_V,https://strategywiki.org/w/index.php?search=Grand%20Theft%20Auto%20V,https://www.youtube.com/results?search_query=Grand%20Theft%20Auto%20V%202013%20trailer,"Three protagonists, one satirical Los Angeles, a decade of afterlife."
papers-please-2013,2013,3,"Papers, Please",Simulation,simulation,Simulation,#8fd14f,assets/covers/papers-please-2013.jpg,https://upload.wikimedia.org/wikipedia/commons/6/65/Papers_Please_-_Title_Logo.png,wikipedia,,,,,,https://en.wikipedia.org/wiki/Papers%2C_Please,https://strategywiki.org/w/index.php?search=Papers%2C%20Please,https://www.youtube.com/results?search_query=Papers%2C%20Please%202013%20trailer,Bureaucracy as moral horror; a stamp is the most violent tool here.
super-mario-3d-world-2013,2013,4,Super Mario 3D World,Platformer,platformer,Platformer,#e8c547,assets/covers/super-mario-3d-world-2013.jpg,https://upload.wikimedia.org/wikipedia/en/5/5e/Super_Mario_3D_World_box_art.jpg,wikipedia,,,,,,https://en.wikipedia.org/wiki/Super_Mario_3D_World,https://strategywiki.org/w/index.php?search=Super%20Mario%203D%20World,https://www.youtube.com/results?search_query=Super%20Mario%203D%20World%202013%20trailer,"Cat suits and four-player chaos, sharpened to Nintendo's usual point."
gone-home-2013,2013,5,Gone Home,Adventure,adventure,Adventure,#4cd7a0,assets/covers/gone-home-2013.jpg,https://upload.wikimedia.org/wikipedia/commons/6/6e/Gone_Home.png,wikipedia,,,,,,https://en.wikipedia.org/wiki/Gone_Home,https://strategywiki.org/w/index.php?search=Gone%20Home,https://www.youtube.com/results?search_query=Gone%20Home%202013%20trailer,"A house, a mixtape and a story told entirely through what people left out."
dota-2-2013,2013,6,Dota 2,MOBA,strategy,Strategy,#b07bff,assets/covers/dota-2-2013.jpg,https://upload.wikimedia.org/wikipedia/en/3/31/Dota_2_Steam_artwork.jpg,wikipedia,,,,,,https://en.wikipedia.org/wiki/Dota_2,https://strategywiki.org/w/index.php?search=Dota%202,https://www.youtube.com/results?search_query=Dota%202%202013%20trailer,"Free, unforgiving, and carrying the largest prize pool in esports."
alien-isolation-2014,2014,1,Alien: Isolation,Horror,horror,Horror,#ff3b5c,assets/covers/alien-isolation-2014.jpg,https://upload.wikimedia.org/wikipedia/en/6/6e/Alien_Isolation.jpg,wikipedia,,,,,,https://en.wikipedia.org/wiki/Alien%3A_Isolation,https://strategywiki.org/w/index.php?search=Alien%3A%20Isolation,https://www.youtube.com/results?search_query=Alien%3A%20Isolation%202014%20trailer,"One creature, no script, and the most faithful sci-fi set in games."
shovel-knight-2014,2014,2,Shovel Knight,Platformer,platformer,Platformer,#e8c547,assets/covers/shovel-knight-2014.jpg,https://upload.wikimedia.org/wikipedia/en/c/c8/Shovel_knight_cover.jpg,wikipedia,,,,,,https://en.wikipedia.org/wiki/Shovel_Knight,https://strategywiki.org/w/index.php?search=Shovel%20Knight,https://www.youtube.com/results?search_query=Shovel%20Knight%202014%20trailer,Retro homage with modern generosity; proof nostalgia can be craft.
bayonetta-2-2014,2014,3,Bayonetta 2,Action,action,Action,#ff6ab5,assets/covers/bayonetta-2-2014.jpg,https://upload.wikimedia.org/wikipedia/en/b/b1/Bayonetta_2_box_artwork.png,wikipedia,,,,,,https://en.wikipedia.org/wiki/Bayonetta_2,https://strategywiki.org/w/index.php?search=Bayonetta%202,https://www.youtube.com/results?search_query=Bayonetta%202%202014%20trailer,Combat so legible and excessive it reads as choreography.
destiny-2014,2014,4,Destiny,Shooter,shooter,Shooter,#ff5a36,assets/covers/destiny-2014.jpg,https://upload.wikimedia.org/wikipedia/en/0/06/Destiny_XBO.jpg,wikipedia,,,,,,https://en.wikipedia.org/wiki/Destiny_(video_game),https://strategywiki.org/w/index.php?search=Destiny,https://www.youtube.com/results?search_query=Destiny%202014%20trailer,A shared-world shooter whose loop outlasted its own plot.
hearthstone-2014,2014,5,Hearthstone,Card Game,roguelike,Roguelike,#ff9f4a,assets/covers/hearthstone-2014.jpg,https://upload.wikimedia.org/wikipedia/en/f/f2/Hearthstone_2016_logo.png,wikipedia,,,,,,https://en.wikipedia.org/wiki/Hearthstone,https://strategywiki.org/w/index.php?search=Hearthstone,https://www.youtube.com/results?search_query=Hearthstone%202014%20trailer,Free-to-play deckbuilding that taught millions of people card-game maths.
mario-kart-8-2014,2014,6,Mario Kart 8,Kart Racer,racing,Racing,#00b3ff,assets/covers/mario-kart-8-2014.jpg,https://upload.wikimedia.org/wikipedia/en/b/b5/MarioKart8Boxart.jpg,wikipedia,,,,,,https://en.wikipedia.org/wiki/Mario_Kart_8,https://strategywiki.org/w/index.php?search=Mario%20Kart%208,https://www.youtube.com/results?search_query=Mario%20Kart%208%202014%20trailer,Anti-gravity tracks and the definitive version of the definitive party racer.
the-witcher-3-wild-hunt-2015,2015,1,The Witcher 3: Wild Hunt,RPG,rpg,RPG,#7b9cff,assets/covers/the-witcher-3-wild-hunt-2015.jpg,https://upload.wikimedia.org/wikipedia/en/0/0c/Witcher_3_cover_art.jpg,wikipedia,,,,,,https://en.wikipedia.org/wiki/The_Witcher_3%3A_Wild_Hunt,https://strategywiki.org/w/index.php?search=The%20Witcher%203%3A%20Wild%20Hunt,https://www.youtube.com/results?search_query=The%20Witcher%203%3A%20Wild%20Hunt%202015%20trailer,Side quests written like short stories; the new bar for open-world writing.
bloodborne-2015,2015,2,Bloodborne,Action RPG,rpg,RPG,#7b9cff,assets/covers/bloodborne-2015.jpg,https://upload.wikimedia.org/wikipedia/en/6/68/Bloodborne_Cover_Wallpaper.jpg,wikipedia,,,,,,https://en.wikipedia.org/wiki/Bloodborne,https://strategywiki.org/w/index.php?search=Bloodborne,https://www.youtube.com/results?search_query=Bloodborne%202015%20trailer,"Gothic aggression: dodge instead of block, heal by hitting back."
metal-gear-solid-v-2015,2015,3,Metal Gear Solid V,Stealth,stealth,Stealth,#9aa3b5,assets/covers/metal-gear-solid-v-2015.jpg,https://upload.wikimedia.org/wikipedia/en/8/8f/Metal_Gear_Solid_V_The_Phantom_Pain_cover.png,wikipedia,,,,,,https://en.wikipedia.org/wiki/Metal_Gear_Solid_V%3A_The_Phantom_Pain,https://strategywiki.org/w/index.php?search=Metal%20Gear%20Solid%20V,https://www.youtube.com/results?search_query=Metal%20Gear%20Solid%20V%202015%20trailer,"The most flexible stealth sandbox ever built, and an unfinished ending."
undertale-2015,2015,4,Undertale,RPG,rpg,RPG,#7b9cff,,,,,,,,,https://en.wikipedia.org/wiki/Undertale,https://strategywiki.org/w/index.php?search=Undertale,https://www.youtube.com/results?search_query=Undertale%202015%20trailer,"A game that notices whether you killed anything, and remembers."
rocket-league-2015,2015,5,Rocket League,Sports,simulation,Simulation,#8fd14f,assets/covers/rocket-league-2015.jpg,https://upload.wikimedia.org/wikipedia/commons/e/e0/Rocket_League_coverart.jpg,wikipedia,,,,,,https://en.wikipedia.org/wiki/Rocket_League,https://strategywiki.org/w/index.php?search=Rocket%20League,https://www.youtube.com/results?search_query=Rocket%20League%202015%20trailer,"Cars, football, and a skill ceiling nobody has found the top of."
splatoon-2015,2015,6,Splatoon,Shooter,shooter,Shooter,#ff5a36,assets/covers/splatoon-2015.jpg,https://upload.wikimedia.org/wikipedia/en/b/bb/Splatoon.jpg,wikipedia,,,,,,https://en.wikipedia.org/wiki/Splatoon_(video_game),https://strategywiki.org/w/index.php?search=Splatoon,https://www.youtube.com/results?search_query=Splatoon%202015%20trailer,Territory over kills; a shooter for people who dislike shooters.
overwatch-2016,2016,1,Overwatch,Hero Shooter,shooter,Shooter,#ff5a36,assets/covers/overwatch-2016.jpg,https://upload.wikimedia.org/wikipedia/en/5/51/Overwatch_cover_art.jpg,wikipedia,,,,,,https://en.wikipedia.org/wiki/Overwatch_(video_game),https://strategywiki.org/w/index.php?search=Overwatch,https://www.youtube.com/results?search_query=Overwatch%202016%20trailer,Character design so strong it eclipsed the shooter underneath.
doom-2016,2016,2,Doom,FPS,shooter,Shooter,#ff5a36,assets/covers/doom-2016.jpg,https://upload.wikimedia.org/wikipedia/en/2/28/Doom_Cover.jpg,wikipedia,,,,,,https://en.wikipedia.org/wiki/Doom_(2016_video_game),https://strategywiki.org/w/index.php?search=Doom,https://www.youtube.com/results?search_query=Doom%202016%20trailer,"Push-forward combat: healing by violence, at a heavy-metal tempo."
inside-2016,2016,3,Inside,Puzzle-Platformer,platformer,Platformer,#e8c547,assets/covers/inside-2016.jpg,https://upload.wikimedia.org/wikipedia/en/5/50/INSIDE_Xbox_One_cover_art.png,wikipedia,,,,,,https://en.wikipedia.org/wiki/Inside_(video_game),https://strategywiki.org/w/index.php?search=Inside,https://www.youtube.com/results?search_query=Inside%202016%20trailer,"Silent, grim, and flawlessly paced from first frame to final scream."
stardew-valley-2016,2016,4,Stardew Valley,Sim,simulation,Simulation,#8fd14f,assets/covers/stardew-valley-2016.jpg,https://upload.wikimedia.org/wikipedia/en/f/fd/Logo_of_Stardew_Valley.png,wikipedia,,,,,,https://en.wikipedia.org/wiki/Stardew_Valley,https://strategywiki.org/w/index.php?search=Stardew%20Valley,https://www.youtube.com/results?search_query=Stardew%20Valley%202016%20trailer,"One developer, four years, and a farm millions moved into."
titanfall-2-2016,2016,5,Titanfall 2,FPS,shooter,Shooter,#ff5a36,assets/covers/titanfall-2-2016.jpg,https://upload.wikimedia.org/wikipedia/en/1/13/Titanfall_2.jpg,wikipedia,,,,,,https://en.wikipedia.org/wiki/Titanfall_2,https://strategywiki.org/w/index.php?search=Titanfall%202,https://www.youtube.com/results?search_query=Titanfall%202%202016%20trailer,"Wall-running, a mech with manners, and a campaign that never repeats a trick."
hitman-2016,2016,6,Hitman,Stealth,stealth,Stealth,#9aa3b5,assets/covers/hitman-2016.jpg,https://upload.wikimedia.org/wikipedia/en/8/84/Hitman_2015.jpg,wikipedia,,,,,,https://en.wikipedia.org/wiki/Hitman_(2016_video_game),https://strategywiki.org/w/index.php?search=Hitman,https://www.youtube.com/results?search_query=Hitman%202016%20trailer,Episodic sandboxes designed to be replayed until you know every routine.
breath-of-the-wild-2017,2017,1,Breath of the Wild,Action-Adventure,adventure,Adventure,#4cd7a0,assets/covers/breath-of-the-wild-2017.jpg,https://upload.wikimedia.org/wikipedia/en/c/c6/The_Legend_of_Zelda_Breath_of_the_Wild.jpg,wikipedia,,,,,,https://en.wikipedia.org/wiki/The_Legend_of_Zelda%3A_Breath_of_the_Wild,https://strategywiki.org/w/index.php?search=Breath%20of%20the%20Wild,https://www.youtube.com/results?search_query=Breath%20of%20the%20Wild%202017%20trailer,Systemic chemistry over quest markers; climbing anything changed everything.
nier-automata-2017,2017,2,NieR: Automata,Action RPG,rpg,RPG,#7b9cff,assets/covers/nier-automata-2017.jpg,https://upload.wikimedia.org/wikipedia/en/2/21/Nier_Automata_cover_art.jpg,wikipedia,,,,,,https://en.wikipedia.org/wiki/NieR%3A_Automata,https://strategywiki.org/w/index.php?search=NieR%3A%20Automata,https://www.youtube.com/results?search_query=NieR%3A%20Automata%202017%20trailer,Genre-shifting combat wrapped around philosophy and multiple endings.
super-mario-odyssey-2017,2017,3,Super Mario Odyssey,Platformer,platformer,Platformer,#e8c547,assets/covers/super-mario-odyssey-2017.jpg,https://upload.wikimedia.org/wikipedia/en/8/8d/Super_Mario_Odyssey.jpg,wikipedia,,,,,,https://en.wikipedia.org/wiki/Super_Mario_Odyssey,https://strategywiki.org/w/index.php?search=Super%20Mario%20Odyssey,https://www.youtube.com/results?search_query=Super%20Mario%20Odyssey%202017%20trailer,Capture mechanics turned every enemy into a new verb.
pubg-2017,2017,4,PUBG,Battle Royale,shooter,Shooter,#ff5a36,assets/covers/pubg-2017.jpg,https://upload.wikimedia.org/wikipedia/en/9/9f/Pubgbattlegrounds.png,wikipedia,,,,,,https://en.wikipedia.org/wiki/PUBG%3A_Battlegrounds,https://strategywiki.org/w/index.php?search=PUBG,https://www.youtube.com/results?search_query=PUBG%202017%20trailer,"A hundred players, a shrinking circle, an entire genre overnight."
hollow-knight-2017,2017,5,Hollow Knight,Metroidvania,adventure,Adventure,#4cd7a0,assets/covers/hollow-knight-2017.jpg,https://upload.wikimedia.org/wikipedia/en/d/de/Hollow_Knight_2026_cover_art.jpg,wikipedia,,,,,,https://en.wikipedia.org/wiki/Hollow_Knight,https://strategywiki.org/w/index.php?search=Hollow%20Knight,https://www.youtube.com/results?search_query=Hollow%20Knight%202017%20trailer,"Hand-drawn, quietly brutal, and several times larger than it admits."
persona-5-2017,2017,6,Persona 5,JRPG,rpg,RPG,#7b9cff,assets/covers/persona-5-2017.jpg,https://upload.wikimedia.org/wikipedia/en/b/b0/Persona_5_cover_art.jpg,wikipedia,,,,,,https://en.wikipedia.org/wiki/Persona_5,https://strategywiki.org/w/index.php?search=Persona%205,https://www.youtube.com/results?search_query=Persona%205%202017%20trailer,"A calendar, a dungeon crawl and the best-dressed menus in the medium."
red-dead-redemption-2-2018,2018,1,Red Dead Redemption 2,Open World,openworld,Open World,#ffd166,assets/covers/red-dead-redemption-2-2018.jpg,https://upload.wikimedia.org/wikipedia/en/4/44/Red_Dead_Redemption_II.jpg,wikipedia,,,,,,https://en.wikipedia.org/wiki/Red_Dead_Redemption_2,https://strategywiki.org/w/index.php?search=Red%20Dead%20Redemption%202,https://www.youtube.com/results?search_query=Red%20Dead%20Redemption%202%202018%20trailer,"Obsessive simulation in service of the slowest, saddest western."
celeste-2018,2018,2,Celeste,Platformer,platformer,Platformer,#e8c547,assets/covers/celeste-2018.jpg,https://upload.wikimedia.org/wikipedia/commons/0/0f/Celeste_box_art_full.png,wikipedia,,,,,,https://en.wikipedia.org/wiki/Celeste_(video_game),https://strategywiki.org/w/index.php?search=Celeste,https://www.youtube.com/results?search_query=Celeste%202018%20trailer,Brutal precision paired with the kindest story about anxiety.
god-of-war-2018,2018,3,God of War,Action-Adventure,adventure,Adventure,#4cd7a0,assets/covers/god-of-war-2018.jpg,https://upload.wikimedia.org/wikipedia/en/a/a7/God_of_War_4_cover.jpg,wikipedia,,,,,,https://en.wikipedia.org/wiki/God_of_War_(2018_video_game),https://strategywiki.org/w/index.php?search=God%20of%20War,https://www.youtube.com/results?search_query=God%20of%20War%202018%20trailer,One unbroken camera shot and a father learning how to speak.
return-of-the-obra-dinn-2018,2018,4,Return of the Obra Dinn,Puzzle,puzzle,Puzzle,#47c9e8,assets/covers/return-of-the-obra-dinn-2018.jpg,https://upload.wikimedia.org/wikipedia/en/d/d6/Return_of_the_Obra_Dinn_logo-title.jpg,wikipedia,,,,,,https://en.wikipedia.org/wiki/Return_of_the_Obra_Dinn,https://strategywiki.org/w/index.php?search=Return%20of%20the%20Obra%20Dinn,https://www.youtube.com/results?search_query=Return%20of%20the%20Obra%20Dinn%202018%20trailer,Deduce sixty deaths from frozen moments; dithered black and white.
into-the-breach-2018,2018,5,Into the Breach,Tactics,strategy,Strategy,#b07bff,assets/covers/into-the-breach-2018.jpg,https://upload.wikimedia.org/wikipedia/en/e/e5/Into_the_breach_cover.png,wikipedia,,,,,,https://en.wikipedia.org/wiki/Into_the_Breach,https://strategywiki.org/w/index.php?search=Into%20the%20Breach,https://www.youtube.com/results?search_query=Into%20the%20Breach%202018%20trailer,"Perfect-information chess with mechs, and no excuse for a bad turn."
dead-cells-2018,2018,6,Dead Cells,Roguelike,roguelike,Roguelike,#ff9f4a,assets/covers/dead-cells-2018.jpg,https://upload.wikimedia.org/wikipedia/en/1/1f/Dead_cells_cover_art.png,wikipedia,,,,,,https://en.wikipedia.org/wiki/Dead_Cells,https://strategywiki.org/w/index.php?search=Dead%20Cells,https://www.youtube.com/results?search_query=Dead%20Cells%202018%20trailer,"Metroidvania movement bolted onto a roguelite run, at full speed."
sekiro-shadows-die-twice-2019,2019,1,Sekiro: Shadows Die Twice,Action,action,Action,#ff6ab5,assets/covers/sekiro-shadows-die-twice-2019.jpg,https://upload.wikimedia.org/wikipedia/en/6/6e/Sekiro_art.jpg,wikipedia,,,,,,https://en.wikipedia.org/wiki/Sekiro%3A_Shadows_Die_Twice,https://strategywiki.org/w/index.php?search=Sekiro%3A%20Shadows%20Die%20Twice,https://www.youtube.com/results?search_query=Sekiro%3A%20Shadows%20Die%20Twice%202019%20trailer,"Swordplay as rhythm: deflect, posture, break. No build to hide behind."
disco-elysium-2019,2019,2,Disco Elysium,RPG,rpg,RPG,#7b9cff,assets/covers/disco-elysium-2019.jpg,https://upload.wikimedia.org/wikipedia/en/0/0d/Disco_Elysium_Poster.jpeg,wikipedia,,,,,,https://en.wikipedia.org/wiki/Disco_Elysium,https://strategywiki.org/w/index.php?search=Disco%20Elysium,https://www.youtube.com/results?search_query=Disco%20Elysium%202019%20trailer,"No combat, twenty-four skills that argue with you, prose that earns it."
outer-wilds-2019,2019,3,Outer Wilds,Adventure,adventure,Adventure,#4cd7a0,assets/covers/outer-wilds-2019.jpg,https://upload.wikimedia.org/wikipedia/en/f/f6/Outer_Wilds_Steam_artwork.jpg,wikipedia,,,,,,https://en.wikipedia.org/wiki/Outer_Wilds,https://strategywiki.org/w/index.php?search=Outer%20Wilds,https://www.youtube.com/results?search_query=Outer%20Wilds%202019%20trailer,A twenty-two minute solar system solved only with knowledge.
death-stranding-2019,2019,4,Death Stranding,Adventure,adventure,Adventure,#4cd7a0,assets/covers/death-stranding-2019.jpg,https://upload.wikimedia.org/wikipedia/en/2/22/Death_Stranding.jpg,wikipedia,,,,,,https://en.wikipedia.org/wiki/Death_Stranding,https://strategywiki.org/w/index.php?search=Death%20Stranding,https://www.youtube.com/results?search_query=Death%20Stranding%202019%20trailer,"Logistics as gameplay; ropes instead of sticks, made strangely moving."
slay-the-spire-2019,2019,5,Slay the Spire,Roguelike Deckbuilder,roguelike,Roguelike,#ff9f4a,assets/covers/slay-the-spire-2019.jpg,https://upload.wikimedia.org/wikipedia/en/b/b7/Slay_the_spire_cover.jpg,wikipedia,,,,,,https://en.wikipedia.org/wiki/Slay_the_Spire,https://strategywiki.org/w/index.php?search=Slay%20the%20Spire,https://www.youtube.com/results?search_query=Slay%20the%20Spire%202019%20trailer,"Three characters, one ascent, and a genre's worth of imitators."
apex-legends-2019,2019,6,Apex Legends,Battle Royale,shooter,Shooter,#ff5a36,assets/covers/apex-legends-2019.jpg,https://upload.wikimedia.org/wikipedia/en/d/db/Apex_legends_cover.jpg,wikipedia,,,,,,https://en.wikipedia.org/wiki/Apex_Legends,https://strategywiki.org/w/index.php?search=Apex%20Legends,https://www.youtube.com/results?search_query=Apex%20Legends%202019%20trailer,A ping system so good it made squad play possible without a microphone.
hades-2020,2020,1,Hades,Roguelike,roguelike,Roguelike,#ff9f4a,assets/covers/hades-2020.jpg,https://upload.wikimedia.org/wikipedia/en/c/cc/Hades_cover_art.jpg,wikipedia,,,,,,https://en.wikipedia.org/wiki/Hades_(video_game),https://strategywiki.org/w/index.php?search=Hades,https://www.youtube.com/results?search_query=Hades%202020%20trailer,"Narrative that advances through failure, with combat worth failing at."
half-life-alyx-2020,2020,2,Half-Life: Alyx,VR FPS,shooter,Shooter,#ff5a36,assets/covers/half-life-alyx-2020.jpg,https://upload.wikimedia.org/wikipedia/en/4/49/Half-Life_Alyx_Cover_Art.jpg,wikipedia,,,,,,https://en.wikipedia.org/wiki/Half-Life%3A_Alyx,https://strategywiki.org/w/index.php?search=Half-Life%3A%20Alyx,https://www.youtube.com/results?search_query=Half-Life%3A%20Alyx%202020%20trailer,The first VR game that justified the headset on its own terms.
animal-crossing-new-horizons-2020,2020,3,Animal Crossing: New Horizons,Life Sim,simulation,Simulation,#8fd14f,assets/covers/animal-crossing-new-horizons-2020.jpg,https://upload.wikimedia.org/wikipedia/en/1/1f/Animal_Crossing_New_Horizons.jpg,wikipedia,,,,,,https://en.wikipedia.org/wiki/Animal_Crossing%3A_New_Horizons,https://strategywiki.org/w/index.php?search=Animal%20Crossing%3A%20New%20Horizons,https://www.youtube.com/results?search_query=Animal%20Crossing%3A%20New%20Horizons%202020%20trailer,An island that arrived in the exact month the world needed one.
ghost-of-tsushima-2020,2020,4,Ghost of Tsushima,Open World,openworld,Open World,#ffd166,assets/covers/ghost-of-tsushima-2020.jpg,https://upload.wikimedia.org/wikipedia/en/b/b6/Ghost_of_Tsushima.jpg,wikipedia,,,,,,https://en.wikipedia.org/wiki/Ghost_of_Tsushima,https://strategywiki.org/w/index.php?search=Ghost%20of%20Tsushima,https://www.youtube.com/results?search_query=Ghost%20of%20Tsushima%202020%20trailer,Wind instead of waypoints; samurai cinema in a photo-mode paradise.
doom-eternal-2020,2020,5,Doom Eternal,FPS,shooter,Shooter,#ff5a36,assets/covers/doom-eternal-2020.jpg,https://upload.wikimedia.org/wikipedia/en/9/9d/Cover_Art_of_Doom_Eternal.png,wikipedia,,,,,,https://en.wikipedia.org/wiki/Doom_Eternal,https://strategywiki.org/w/index.php?search=Doom%20Eternal,https://www.youtube.com/results?search_query=Doom%20Eternal%202020%20trailer,"Resource juggling disguised as a power fantasy, played at a sprint."
fall-guys-2020,2020,6,Fall Guys,Party,simulation,Simulation,#8fd14f,,,,,,,,,https://en.wikipedia.org/wiki/Fall_Guys,https://strategywiki.org/w/index.php?search=Fall%20Guys,https://www.youtube.com/results?search_query=Fall%20Guys%202020%20trailer,"Physics comedy as a battle royale; sixty beans, one crown."
it-takes-two-2021,2021,1,It Takes Two,Co-op Platformer,platformer,Platformer,#e8c547,assets/covers/it-takes-two-2021.jpg,https://upload.wikimedia.org/wikipedia/en/a/aa/It_Takes_Two_cover_art.png,wikipedia,,,,,,https://en.wikipedia.org/wiki/It_Takes_Two_(video_game),https://strategywiki.org/w/index.php?search=It%20Takes%20Two,https://www.youtube.com/results?search_query=It%20Takes%20Two%202021%20trailer,"Every level a new mechanic, playable only with someone else."
metroid-dread-2021,2021,2,Metroid Dread,Action-Adventure,adventure,Adventure,#4cd7a0,assets/covers/metroid-dread-2021.jpg,https://upload.wikimedia.org/wikipedia/en/f/f7/Metroid_Dread_Banner.png,wikipedia,,,,,,https://en.wikipedia.org/wiki/Metroid_Dread,https://strategywiki.org/w/index.php?search=Metroid%20Dread,https://www.youtube.com/results?search_query=Metroid%20Dread%202021%20trailer,2D Metroid returns with lethal pursuit and immaculate movement.
returnal-2021,2021,3,Returnal,Roguelike,roguelike,Roguelike,#ff9f4a,assets/covers/returnal-2021.jpg,https://upload.wikimedia.org/wikipedia/en/9/91/Returnal_cover_art.jpg,wikipedia,,,,,,https://en.wikipedia.org/wiki/Returnal,https://strategywiki.org/w/index.php?search=Returnal,https://www.youtube.com/results?search_query=Returnal%202021%20trailer,Bullet-hell third person wrapped in a time loop and a crash site.
inscryption-2021,2021,4,Inscryption,Card Game,roguelike,Roguelike,#ff9f4a,assets/covers/inscryption-2021.jpg,https://upload.wikimedia.org/wikipedia/en/4/48/Inscryption_Cover_Art.jpg,wikipedia,,,,,,https://en.wikipedia.org/wiki/Inscryption,https://strategywiki.org/w/index.php?search=Inscryption,https://www.youtube.com/results?search_query=Inscryption%202021%20trailer,A deckbuilder that keeps escaping the room it started in.
forza-horizon-5-2021,2021,5,Forza Horizon 5,Racing,racing,Racing,#00b3ff,assets/covers/forza-horizon-5-2021.jpg,https://upload.wikimedia.org/wikipedia/en/8/86/Forza_Horizon_5_cover_art.jpg,wikipedia,,,,,,https://en.wikipedia.org/wiki/Forza_Horizon_5,https://strategywiki.org/w/index.php?search=Forza%20Horizon%205,https://www.youtube.com/results?search_query=Forza%20Horizon%205%202021%20trailer,An open Mexico and the most generous driving model on the market.
psychonauts-2-2021,2021,6,Psychonauts 2,Platformer,platformer,Platformer,#e8c547,assets/covers/psychonauts-2-2021.jpg,https://upload.wikimedia.org/wikipedia/en/2/23/Psychonauts_2_cover.png,wikipedia,,,,,,https://en.wikipedia.org/wiki/Psychonauts_2,https://strategywiki.org/w/index.php?search=Psychonauts%202,https://www.youtube.com/results?search_query=Psychonauts%202%202021%20trailer,"Sixteen years later, and the writing still lands every single time."
elden-ring-2022,2022,1,Elden Ring,Action RPG,rpg,RPG,#7b9cff,assets/covers/elden-ring-2022.jpg,https://upload.wikimedia.org/wikipedia/en/b/b9/Elden_Ring_Box_art.jpg,wikipedia,,,,,,https://en.wikipedia.org/wiki/Elden_Ring,https://strategywiki.org/w/index.php?search=Elden%20Ring,https://www.youtube.com/results?search_query=Elden%20Ring%202022%20trailer,Souls design poured into open country; mystery you find rather than read.
vampire-survivors-2022,2022,2,Vampire Survivors,Roguelike,roguelike,Roguelike,#ff9f4a,assets/covers/vampire-survivors-2022.jpg,https://upload.wikimedia.org/wikipedia/en/e/e6/Vampire_Survivors_key_art.jpg,wikipedia,,,,,,https://en.wikipedia.org/wiki/Vampire_Survivors,https://strategywiki.org/w/index.php?search=Vampire%20Survivors,https://www.youtube.com/results?search_query=Vampire%20Survivors%202022%20trailer,"Almost no inputs, absurd number growth, impossible to put down."
god-of-war-ragnarok-2022,2022,3,God of War Ragnarok,Action-Adventure,adventure,Adventure,#4cd7a0,assets/covers/god-of-war-ragnarok-2022.jpg,https://upload.wikimedia.org/wikipedia/en/e/ee/God_of_War_Ragnar%C3%B6k_cover.jpg,wikipedia,,,,,,https://en.wikipedia.org/wiki/God_of_War_Ragnar%C3%B6k,https://strategywiki.org/w/index.php?search=God%20of%20War%20Ragnarok,https://www.youtube.com/results?search_query=God%20of%20War%20Ragnarok%202022%20trailer,"Bigger, angrier, and better written than a sequel needed to be."
stray-2022,2022,4,Stray,Adventure,adventure,Adventure,#4cd7a0,assets/covers/stray-2022.jpg,https://upload.wikimedia.org/wikipedia/en/f/f1/Stray_cover_art.jpg,wikipedia,,,,,,https://en.wikipedia.org/wiki/Stray_(video_game),https://strategywiki.org/w/index.php?search=Stray,https://www.youtube.com/results?search_query=Stray%202022%20trailer,"A cat in a dead neon city; small, exact, and beautifully observed."
tunic-2022,2022,5,Tunic,Adventure,adventure,Adventure,#4cd7a0,assets/covers/tunic-2022.jpg,https://upload.wikimedia.org/wikipedia/en/8/85/Tunic_cover_art.jpg,wikipedia,,,,,,https://en.wikipedia.org/wiki/Tunic_(video_game),https://strategywiki.org/w/index.php?search=Tunic,https://www.youtube.com/results?search_query=Tunic%202022%20trailer,"A fox, a manual you assemble page by page, and secrets under everything."
pentiment-2022,2022,6,Pentiment,Adventure,adventure,Adventure,#4cd7a0,assets/covers/pentiment-2022.jpg,https://upload.wikimedia.org/wikipedia/commons/e/eb/Pentiment_cover_wide.jpg,wikipedia,,,,,,https://en.wikipedia.org/wiki/Pentiment_(video_game),https://strategywiki.org/w/index.php?search=Pentiment,https://www.youtube.com/results?search_query=Pentiment%202022%20trailer,"Illuminated manuscripts as a murder mystery, typeset with real conviction."
baldurs-gate-3-2023,2023,1,Baldur's Gate 3,RPG,rpg,RPG,#7b9cff,assets/covers/baldurs-gate-3-2023.jpg,https://upload.wikimedia.org/wikipedia/en/1/12/Baldur%27s_Gate_3_cover_art.jpg,wikipedia,,,,,,https://en.wikipedia.org/wiki/Baldur's_Gate_3,https://strategywiki.org/w/index.php?search=Baldur's%20Gate%203,https://www.youtube.com/results?search_query=Baldur's%20Gate%203%202023%20trailer,Tabletop freedom honoured at a scale nobody thought shippable.
tears-of-the-kingdom-2023,2023,2,Tears of the Kingdom,Action-Adventure,adventure,Adventure,#4cd7a0,assets/covers/tears-of-the-kingdom-2023.jpg,https://upload.wikimedia.org/wikipedia/en/f/fb/The_Legend_of_Zelda_Tears_of_the_Kingdom_cover.jpg,wikipedia,,,,,,https://en.wikipedia.org/wiki/The_Legend_of_Zelda%3A_Tears_of_the_Kingdom,https://strategywiki.org/w/index.php?search=Tears%20of%20the%20Kingdom,https://www.youtube.com/results?search_query=Tears%20of%20the%20Kingdom%202023%20trailer,A physics toolkit generous enough to break its own puzzles.
alan-wake-2-2023,2023,3,Alan Wake 2,Horror,horror,Horror,#ff3b5c,assets/covers/alan-wake-2-2023.jpg,https://upload.wikimedia.org/wikipedia/en/e/ed/Alan_Wake_2_box_art.jpg,wikipedia,,,,,,https://en.wikipedia.org/wiki/Alan_Wake_2,https://strategywiki.org/w/index.php?search=Alan%20Wake%202,https://www.youtube.com/results?search_query=Alan%20Wake%202%202023%20trailer,"Live action, song numbers and two detectives editing reality."
pizza-tower-2023,2023,4,Pizza Tower,Platformer,platformer,Platformer,#e8c547,assets/covers/pizza-tower-2023.jpg,https://upload.wikimedia.org/wikipedia/en/6/60/Pizza_Tower_Promo_Art.jpg,wikipedia,,,,,,https://en.wikipedia.org/wiki/Pizza_Tower,https://strategywiki.org/w/index.php?search=Pizza%20Tower,https://www.youtube.com/results?search_query=Pizza%20Tower%202023%20trailer,"Hand-drawn momentum chaos, loud and joyful throughout."
street-fighter-6-2023,2023,5,Street Fighter 6,Fighting,fighting,Fighting,#e05bff,assets/covers/street-fighter-6-2023.jpg,https://upload.wikimedia.org/wikipedia/en/9/94/Street_Fighter_6_box_art.jpg,wikipedia,,,,,,https://en.wikipedia.org/wiki/Street_Fighter_6,https://strategywiki.org/w/index.php?search=Street%20Fighter%206,https://www.youtube.com/results?search_query=Street%20Fighter%206%202023%20trailer,Modern controls and a single-player mode that actually teaches the game.
cocoon-2023,2023,6,Cocoon,Puzzle,puzzle,Puzzle,#47c9e8,assets/covers/cocoon-2023.jpg,https://upload.wikimedia.org/wikipedia/en/9/96/Cocoon_Cover_Art.png,wikipedia,,,,,,https://en.wikipedia.org/wiki/Cocoon_(video_game),https://strategywiki.org/w/index.php?search=Cocoon,https://www.youtube.com/results?search_query=Cocoon%202023%20trailer,"Worlds carried inside worlds, taught without a single word."
balatro-2024,2024,1,Balatro,Roguelike Deckbuilder,roguelike,Roguelike,#ff9f4a,assets/covers/balatro-2024.jpg,https://upload.wikimedia.org/wikipedia/en/8/89/Balatro_cover.jpg,wikipedia,,,,,,https://en.wikipedia.org/wiki/Balatro,https://strategywiki.org/w/index.php?search=Balatro,https://www.youtube.com/results?search_query=Balatro%202024%20trailer,Poker hands plus jokers plus mathematics that runs away from you.
astro-bot-2024,2024,2,Astro Bot,Platformer,platformer,Platformer,#e8c547,assets/covers/astro-bot-2024.jpg,https://upload.wikimedia.org/wikipedia/en/a/a9/Astro_Bot_cover_art.jpg,wikipedia,,,,,,https://en.wikipedia.org/wiki/Astro_Bot,https://strategywiki.org/w/index.php?search=Astro%20Bot,https://www.youtube.com/results?search_query=Astro%20Bot%202024%20trailer,Pure toy-box delight and the best haptics on any controller.
black-myth-wukong-2024,2024,3,Black Myth: Wukong,Action RPG,rpg,RPG,#7b9cff,assets/covers/black-myth-wukong-2024.jpg,https://upload.wikimedia.org/wikipedia/en/a/a6/Black_Myth_Wukong_cover_art.jpg,wikipedia,,,,,,https://en.wikipedia.org/wiki/Black_Myth%3A_Wukong,https://strategywiki.org/w/index.php?search=Black%20Myth%3A%20Wukong,https://www.youtube.com/results?search_query=Black%20Myth%3A%20Wukong%202024%20trailer,Chinese mythology rendered as spectacle; a landmark for the region.
metaphor-refantazio-2024,2024,4,Metaphor: ReFantazio,JRPG,rpg,RPG,#7b9cff,assets/covers/metaphor-refantazio-2024.jpg,https://upload.wikimedia.org/wikipedia/en/4/4d/Metaphor_Refantazio_Cover_Art.png,wikipedia,,,,,,https://en.wikipedia.org/wiki/Metaphor%3A_ReFantazio,https://strategywiki.org/w/index.php?search=Metaphor%3A%20ReFantazio,https://www.youtube.com/results?search_query=Metaphor%3A%20ReFantazio%202024%20trailer,Election-season fantasy politics with Atlus's sharpest combat yet.
helldivers-2-2024,2024,5,Helldivers 2,Co-op Shooter,shooter,Shooter,#ff5a36,assets/covers/helldivers-2-2024.jpg,https://upload.wikimedia.org/wikipedia/en/a/ab/Helldivers%E2%84%A2_2_Machinery_of_Oppression_Poster.webp,wikipedia,,,,,,https://en.wikipedia.org/wiki/Helldivers_2,https://strategywiki.org/w/index.php?search=Helldivers%202,https://www.youtube.com/results?search_query=Helldivers%202%202024%20trailer,"Friendly fire as comedy, inside a galactic war that actually moved."
animal-well-2024,2024,6,Animal Well,Metroidvania,adventure,Adventure,#4cd7a0,assets/covers/animal-well-2024.jpg,https://upload.wikimedia.org/wikipedia/en/6/65/Animal_Well_Cover_Art.jpg,wikipedia,,,,,,https://en.wikipedia.org/wiki/Animal_Well,https://strategywiki.org/w/index.php?search=Animal%20Well,https://www.youtube.com/results?search_query=Animal%20Well%202024%20trailer,A 33MB world of secrets the internet needed weeks to finish unpicking.
clair-obscur-expedition-33-2025,2025,1,Clair Obscur: Expedition 33,JRPG,rpg,RPG,#7b9cff,assets/covers/clair-obscur-expedition-33-2025.jpg,https://upload.wikimedia.org/wikipedia/en/5/5a/Clair_Obscur%2C_Expedition_33_Cover_1.webp,wikipedia,,,,,,https://en.wikipedia.org/wiki/Clair_Obscur%3A_Expedition_33,https://strategywiki.org/w/index.php?search=Clair%20Obscur%3A%20Expedition%2033,https://www.youtube.com/results?search_query=Clair%20Obscur%3A%20Expedition%2033%202025%20trailer,"Turn-based combat with parries, and a debut that outclassed its budget."
blue-prince-2025,2025,2,Blue Prince,Puzzle,puzzle,Puzzle,#47c9e8,assets/covers/blue-prince-2025.jpg,https://upload.wikimedia.org/wikipedia/en/d/d4/Blue_Prince_cover_art.jpg,wikipedia,,,,,,https://en.wikipedia.org/wiki/Blue_Prince,https://strategywiki.org/w/index.php?search=Blue%20Prince,https://www.youtube.com/results?search_query=Blue%20Prince%202025%20trailer,A house that redraws itself daily; deduction as domestic architecture.
split-fiction-2025,2025,3,Split Fiction,Co-op Platformer,platformer,Platformer,#e8c547,assets/covers/split-fiction-2025.jpg,https://upload.wikimedia.org/wikipedia/en/4/40/Split_Fiction_cover_art.jpg,wikipedia,,,,,,https://en.wikipedia.org/wiki/Split_Fiction,https://strategywiki.org/w/index.php?search=Split%20Fiction,https://www.youtube.com/results?search_query=Split%20Fiction%202025%20trailer,"Two players, two genres per level, and still no solo mode."
hollow-knight-silksong-2025,2025,4,Hollow Knight: Silksong,Metroidvania,adventure,Adventure,#4cd7a0,assets/covers/hollow-knight-silksong-2025.jpg,https://upload.wikimedia.org/wikipedia/en/0/05/Silksong.jpg,wikipedia,,,,,,https://en.wikipedia.org/wiki/Hollow_Knight%3A_Silksong,https://strategywiki.org/w/index.php?search=Hollow%20Knight%3A%20Silksong,https://www.youtube.com/results?search_query=Hollow%20Knight%3A%20Silksong%202025%20trailer,"Six years of waiting, answered with speed, spite and a new moveset."
mario-kart-world-2025,2025,5,Mario Kart World,Kart Racer,racing,Racing,#00b3ff,assets/covers/mario-kart-world-2025.jpg,https://upload.wikimedia.org/wikipedia/en/6/65/Mario_Kart_World_Cover_Artwork.png,wikipedia,,,,,,https://en.wikipedia.org/wiki/Mario_Kart_World,https://strategywiki.org/w/index.php?search=Mario%20Kart%20World,https://www.youtube.com/results?search_query=Mario%20Kart%20World%202025%20trailer,The kart racer opens its track list into one continuous island.
kingdom-come-deliverance-ii-2025,2025,6,Kingdom Come: Deliverance II,RPG,rpg,RPG,#7b9cff,assets/covers/kingdom-come-deliverance-ii-2025.jpg,https://upload.wikimedia.org/wikipedia/en/3/32/Kingdom_Come_Deliverance_II.jpg,wikipedia,,,,,,https://en.wikipedia.org/wiki/Kingdom_Come%3A_Deliverance_II,https://strategywiki.org/w/index.php?search=Kingdom%20Come%3A%20Deliverance%20II,https://www.youtube.com/results?search_query=Kingdom%20Come%3A%20Deliverance%20II%202025%20trailer,Medieval Bohemia simulated down to the sword angles and the laundry.
